Workbook

Sheet BUKU FIKSI&NON FIKSI
A1: d | B1: JUDUL BUKU | C1: KATEGORI | D1: DDC | E1: KETERANGAN | F1: PENULIS | G1: EDITOR | H1: PENERBIT | I1: ISBN | J1: TAHUN | K1: JML HAL | L1: JML BUKU | M1: GAMBAR | N1: KODE LABEL | O1: =COUNTA(B2:B1770) -> 1738 | P1: 000 | KARYA UMUM | Q1: =COUNTIF($C$2:$C1599,P1) -> 28 | R1: =Q1-COUNTIFS(M2:M1599,"-",C2:C1599,P1) -> 24 | S1: =Q1-R1 -> 4 | T1: =R1/Q1 -> 0.85714286 | U1: =sum(L2:L1750) -> 3635
A2: 1 | B2: PENGENALAN KOMPUTER | C2: 000 | KARYA UMUM | D2: 004 | E2: PEMROSESAN DATA, ILMU KOMPUTER, TEKNIK INFORMATIKA | F2: DRAJAT MUKTI | H2: EPSILON GRUP | I2: 9789794655245 | J2: 2011 | K2: 92 hlm; 28 cm | L2: 2 | M2: 004 Pengenalan Komputer.jpg | N2: =D2 & CHAR(10) & LEFT(F2,3) & CHAR(10) & LOWER(LEFT(B2,1)) -> 004 DRA p
A3: 2 | B3: ANEKA POSTER FILM DENGAN PHOTOSHOP | C3: 700 | SENI DAN OLAHRAGA | D3: 741.6 | E3: DESAIN GRAFIS | F3: AYU YUDHA | H3: PT. ELEX MEDIA KOMPUTINDO | I3: 9786020030623 | J3: 2012 | K3: 138 | L3: 1 | M3: 741.6 Aneka Poster Film dengan Photoshop.jpg | N3: =D3 & CHAR(10) & LEFT(F3,3) & CHAR(10) & LOWER(LEFT(B3,1)) -> 741.6 AYU a
A4: 3 | B4: ASYIKNYA JADI PENELITI | C4: 000 | KARYA UMUM | D4: 001.42 | E4: METODE RISET | F4: FAJAR M.N | G4: EDI WARSIDI | H4: PARIPUSTAKA | I4: 9786028712101 | J4: 2015 | K4: 58 | L4: 4 | M4: 001.42 Asyiknya Jadi Peneliti.jpg | N4: =D4 & CHAR(10) & LEFT(F4,3) & CHAR(10) & LOWER(LEFT(B4,1)) -> 001.42 FAJ a
A5: 4 | B5: AYO MEMBUAT KARYA ILMIAH | C5: 000 | KARYA UMUM | D5: 001.42 | E5: METODE RISET | F5: MARSA A.H. | G5: TIM ASSA GRAFIKA | H5: PT WANGSA JATRA LESTARI | I5: 978-979-040-148-8 | J5: 2015 | K5: 59 | L5: 1 | M5: 001.42 Ayo, Membuat Karya Ilmiah.jpg | N5: =D5 & CHAR(10) & LEFT(F5,3) & CHAR(10) & LOWER(LEFT(B5,1)) -> 001.42 MAR a
A6: 5 | B6: JURNALISTIK UNTUK REMAJA | C6: 000 | KARYA UMUM | D6: 070.4 | E6: JURNALISME, JURNALISTIK, PERS | F6: BAMBANG TRIMANSYAH | G6: BAMBANG TRIMANSYAH & FARIKA | H6: PT. KARYA KITA | I6: 979-9282-83-7 | J6: 2010 | K6: 74 | L6: 2 | M6: 070.4 Jurnalistik untuk Remaja.jpg | N6: =D6 & CHAR(10) & LEFT(F6,3) & CHAR(10) & LOWER(LEFT(B6,1)) -> 070.4 BAM j
A7: 6 | B7: BELAJAR MICROSOFT EXCEL | C7: 000 | KARYA UMUM | D7: 005.5 | E7: PROGRAM APLIKASI DENGAN KEGUNAAN KHUSUS | F7: REZKY, M | G7: EDI WARSIDI | H7: PT SARANA ILMU PUSTAKA | I7: 978-602-8714-14-3 | J7: 2015 | K7: 84 | L7: 3 | M7: 005.5 Belajar Microsoft Excel.jpg | N7: =D7 & CHAR(10) & LEFT(F7,3) & CHAR(10) & LOWER(LEFT(B7,1)) -> 005.5 REZ b
A8: 7 | B8: MAHIR MENGGUNAKAN MICROSOFT POWER POINT | C8: 000 | KARYA UMUM | D8: 005.5 | E8: PROGRAM APLIKASI DENGAN KEGUNAAN KHUSUS | F8: AMINUDIN | G8: EDI WARSIDI | H8: PT PURI DELCO | I8: 9786029571530 | J8: 2015 | K8: 54 | L8: 3 | M8: 005.5 Mahir Menggunakan Microsoft Power Point.jpg | N8: =D8 & CHAR(10) & LEFT(F8,3) & CHAR(10) & LOWER(LEFT(B8,1)) -> 005.5 AMI m
A9: 8 | B9: MENGENAL MICROSOFT WORD | C9: 000 | KARYA UMUM | D9: 005.5 | E9: PROGRAM APLIKASI DENGAN KEGUNAAN KHUSUS | F9: AMINUDIN | G9: EDI WARSIDI | H9: PT PURI DELCO | I9: 978-602-95715-4-7 | J9: 2013 | K9: 62 | L9: 3 | M9: 005.5 Mengenal Microsoft Word.jpg | N9: =D9 & CHAR(10) & LEFT(F9,3) & CHAR(10) & LOWER(LEFT(B9,1)) -> 005.5 AMI m
A10: 9 | B10: MENULIS KARANGAN ILMIAH | C10: 000 | KARYA UMUM | D10: 001.42 | E10: METODE RISET | F10: KOSASIH, M.Pd (E) | G10: NURHASANAH | H10: NOBEL EDUMEDIA | I10: 9786028219587 | J10: 2009 | K10: 110 | L10: 2 | M10: 001.42 Menulis Karangan Ilmiah.jpg | N10: =D10 & CHAR(10) & LEFT(F10,3) & CHAR(10) & LOWER(LEFT(B10,1)) -> 001.42 KOS m
A11: 10 | B11: KETERAMPILAN DASAR KOMPUTER | C11: 000 | KARYA UMUM | D11: 004 | E11: PEMROSESAN DATA, ILMU KOMPUTER, TEKNIK INFORMATIKA | F11: AMINUDIN | G11: EDI WARSIDI | H11: PT PURI DELCO | I11: 978-602-95715-1-6 | J11: 2013 | K11: 66 | L11: 2 | M11: 004 Keterampilan Dasar Komputer.jpg | N11: =D11 & CHAR(10) & LEFT(F11,3) & CHAR(10) & LOWER(LEFT(B11,1)) -> 004 AMI k
A12: 11 | B12: MENGENAL DAN MEMANFAATKAN INTERNET | C12: 000 | KARYA UMUM | D12: 046.78 | E12: INTERNET | F12: TEDI RUSTENDI | G12: TIM SPKN | H12: PT. SARANA | I12: 978-979-678-403-5 | J12: 2014 | K12: 82 | L12: 1 | M12: 046.78 Mengenal dan Memanfaatkan Internet.jpg | N12: =D12 & CHAR(10) & LEFT(F12,3) & CHAR(10) & LOWER(LEFT(B12,1)) -> 046.78 TED m
A13: 12 | B13: TERAMPIL MENGGUNAKAN INTERNET | C13: 000 | KARYA UMUM | D13: 004.678 | E13: INTERNET | F13: AMINUDIN | G13: EDI WARSIDI | H13: PT. PURI DELCO | I13: 9786029571554 | J13: 2015 | K13: 99 | L13: 2 | M13: 004.678 Terampil Menggunakan Internet.jpg | N13: =D13 & CHAR(10) & LEFT(F13,3) & CHAR(10) & LOWER(LEFT(B13,1)) -> 004.678 AMI t
A14: 13 | B14: MARI MENGENAL KOMPUTER | C14: 000 | KARYA UMUM | D14: 004 | E14: PEMROSESAN DATA, ILMU KOMPUTER, TEKNIK INFORMATIKA | F14: ZAMRUD TUALEKA - MANSHUR TUALEKA, dkk | G14: ROHMAT | H14: PT MITRA AKSARA PANAITAN | I14: 978-602-8262-15-6 | J14: 2014 | K14: 60 | L14: 1 | M14: 004 Mari Mengenal Komputer.jpg | N14: =D14 & CHAR(10) & LEFT(F14,3) & CHAR(10) & LOWER(LEFT(B14,1)) -> 004 ZAM m
A15: 14 | B15: MARI MENGENAL LEMBAR KERJA (Ms. EXCEL) | C15: 000 | KARYA UMUM | D15: 005.5 | E15: PROGRAM APLIKASI DENGAN KEGUNAAN KHUSUS | F15: ZAMRUD TUALEKA - MANSHUR TUALEKA, dkk | G15: WULAN ANGGRAENI | H15: PT MITRA AKSARA PANAITAN | I15: 978-602-8262-17-0 | J15: 2014 | K15: 52 | L15: 1 | M15: 005.5 Mari Mengenal Lembar Kerja (Ms. Excel).jpg | N15: =D15 & CHAR(10) & LEFT(F15,3) & CHAR(10) & LOWER(LEFT(B15,1)) -> 005.5 ZAM m
A16: 15 | B16: JENIS-JENIS PUBLIKASI ILMIAH & SISTEMATIKA PENULISANNYA | C16: 000 | KARYA UMUM | D16: 001.42 | E16: METODE RISET | F16: SUWANTO, M.Pd. | G16: AMIN MUSTOFA | H16: PUSTAKA INTERMEDIA | I16: 9786025125911 | J16: 2018 | K16: 128 hlm; 14 x 21 cm | L16: 1 | M16: 001.42 Jenis-Jenis Publikasi Ilmiah & Sistematika Penulisannya.jpg | N16: =D16 & CHAR(10) & LEFT(F16,3) & CHAR(10) & LOWER(LEFT(B16,1)) -> 001.42 SUW j
A17: 16 | B17: MENYUSUN KARYA TULIS ILMIAH UNTUK MEMPEROLEH ANGKA KARYA KREDIT | C17: 000 | KARYA UMUM | D17: 001.42 | E17: METODE RISET | F17: NANA SUDJANA, (DR.R H. ), DRS. H. ULUNG LAKSAMANA | G17: HARRY SURYANA | H17: SINAR BARU ALGENSINDO | J17: 2002 | K17: 82 | L17: 1 | M17: 001.42 Menyusun Karya Tulis Ilmiah - Untuk Memperoleh Angka Kredit.jpg | N17: =D17 & CHAR(10) & LEFT(F17,3) & CHAR(10) & LOWER(LEFT(B17,1)) -> 001.42 NAN m
A18: 17 | B18: TERAMPIL MEMBUAT BLOG DAN ACCOUNT JEJARING SOSIAL | C18: 000 | KARYA UMUM | D18: 006.752 | E18: BLOG, WEB BLOG | F18: AMINUDIN | G18: EDI WARSIDI | H18: PT PURI DELCO | I18: 378-602-8713-02-3 | J18: 2015 | K18: 158 | L18: 2 | M18: - | N18: =D18 & CHAR(10) & LEFT(F18,3) & CHAR(10) & LOWER(LEFT(B18,1)) -> 006.752 AMI t
A19: 18 | B19: KIAT MENULIS KARYA ILMIAH | C19: 000 | KARYA UMUM | D19: 001.42 | E19: METODE RISET | F19: DIAH ERNA TRININGSIH | G19: RAHMAT ISNAINI | H19: INTAN PARIWARA | J19: 2008 | K19: 68 | L19: 1 | M19: 001.42 Kiat Menulis Karya Ilmiah.jpg | N19: =D19 & CHAR(10) & LEFT(F19,3) & CHAR(10) & LOWER(LEFT(B19,1)) -> 001.42 DIA k
A20: 19 | B20: KAMUS TEKNOLOGI INFORMASI KOMUNIKASI | C20: 000 | KARYA UMUM | D20: 004 | E20: KOMPUTER | F20: UTAMI HANDAYANI, S.I.KOM | G20: KUNCORO | H20: MITRA EDUKASI | I20: 978-602-1388-06-8 | J20: 2014 | K20: 196 | L20: 3 | M20: 004 Kamus Teknologi Informasi Komunikasi.jpg | N20: =D20 & CHAR(10) & LEFT(F20,3) & CHAR(10) & LOWER(LEFT(B20,1)) -> 004 UTA k
A21: 20 | B21: BEKERJA SEBAGAI WARTAWAN | C21: 000 | KARYA UMUM | D21: 070.4 | E21: JURNALISME, JURNALISTIK, PERS | F21: FITRIYAN DENNIS | G21: DANIEL P. PURBA & YATI SUMIHARTI | H21: PENERBIT ERLANGGA | I21: 978-979-015-790-3 | J21: 2008 | K21: 86 | L21: 1 | M21: 070.4 Bekerja Sebagai Wartawan.jpg | N21: =D21 & CHAR(10) & LEFT(F21,3) & CHAR(10) & LOWER(LEFT(B21,1)) -> 070.4 FIT b
A22: 21 | B22: YANG PERLU KITA KETAHUI | C22: 000 | KARYA UMUM | D22: 001 | E22: ILMU PENGETAHUAN | F22: FADLAN OETAMA | G22: ANISAH SABRINA | H22: CV IASHA JAYA | I22: 9786028131070 | J22: 2018 | K22: 58 hlm; 14,5x21 cm | L22: 4 | M22: 001 Yang Perlu Kita Ketahui.jpg | N22: =D22 & CHAR(10) & LEFT(F22,3) & CHAR(10) & LOWER(LEFT(B22,1)) -> 001 FAD y
A23: 22 | B23: MENGENAL PENGOLAH GAMBAR TUX PAINT | C23: 000 | KARYA UMUM | D23: 006.66 | E23: PEMROGRAMAN UNTUK KOMPUTER GRAFIS | F23: SRI HUNING | G23: SUPARDI | H23: PUSTAKA TIGA KELANA | I23: 978-979-091-080-5 | J23: 2015 | K23: 60 | L23: 1 | M23: - | N23: =D23 & CHAR(10) & LEFT(F23,3) & CHAR(10) & LOWER(LEFT(B23,1)) -> 006.66 SRI m
A24: 23 | B24: ENSIKLOPEDI ANAK NASIONAL | C24: 000 | KARYA UMUM | D24: 031 | E24: ENSIKLOPEDIA UMUM DALAM BAHASA INDONESIA | H24: PT DELTA PAMUNGKAS | I24: 979-9327-25-3 | J24: 2012 | K24: 152 | L24: 1 | M24: - | N24: =D24 & CHAR(10) & LEFT(F24,3) & CHAR(10) & LOWER(LEFT(B24,1)) -> 031 e
A25: 24 | B25: MENGENAL PERANGKAT LUNAK KOMPUTER | C25: 000 | KARYA UMUM | D25: 005.1 | E25: PEMROGRAMAN | F25: BAGAS SHINUGI | H25: MEDIANTARA SEMESTA | I25: 978-602-8489-63-8 | J25: 2012 | K25: 56 hlm; 25 cm | L25: 1 | M25: 005.1 Mengenal Perangkat Lunak Komputer.jpg | N25: =D25 & CHAR(10) & LEFT(F25,3) & CHAR(10) & LOWER(LEFT(B25,1)) -> 005.1 BAG m
A26: 25 | B26: ANEKA KREASI GRAFIS DENGAN COREL DRAW | C26: 000 | KARYA UMUM | D26: 006.66 | E26: PEMROGRAMAN UNTUK KOMPUTER GRAFIS | F26: DIKY RAHMAT YUSUF SOBARI | G26: A. RUHIMAT | H26: TIGA SERANGKAI | I26: 987-979-045-850-5 | J26: 2009 | K26: 58 | L26: 1 | M26: - | N26: =D26 & CHAR(10) & LEFT(F26,3) & CHAR(10) & LOWER(LEFT(B26,1)) -> 006.66 DIK a
A27: 26 | B27: ENSIKLOPEDI ANAK NASIONAL 9 | SOEPRATMAN, WAGE RUDOLF SAMPAI TUBERKOLOSIS | C27: 000 | KARYA UMUM | D27: 031 | E27: ENSIKLOPEDIA UMUM DALAM BAHASA INDONESIA | F27: CONNY R. SEMIAWAN, Prof. Dr. | H27: PT DELTA PAMUNGKAS | I27: 979-9327-28-8 | J27: 2009 | K27: 144 | L27: 1 | M27: 031 ENSIKLOPEDI ANAK NASIONAL 9 | SOEPRATMAN, WAGE RUDOLF SAMPAI TUBERKOLOSIS.jpg | N27: =D27 & CHAR(10) & LEFT(F27,3) & CHAR(10) & LOWER(LEFT(B27,1)) -> 031 CON e
A28: 27 | B28: THE GIRL'S GUIDE TO BEING A BOSS | C28: 100 | FILSAFAT & PSIKOLOGI | D28: 158.4 | E28: KEPEMIMPINAN YANG BERKAITAN DENGAN PSIKOLOGI | F28: CAITLIN FRIEDMAN KIMBERLY YORIO | H28: PUBLISHING ONE | I28: 978-602-95079-7-3 | J28: 2009 | K28: 266 | L28: 1 | M28: 154.8 The Girl's Guide to Being a Boss.jpg | N28: =D28 & CHAR(10) & LEFT(F28,3) & CHAR(10) & LOWER(LEFT(B28,1)) -> 158.4 CAI t
A29: 28 | B29: LOGIKA | C29: 100 | FILSAFAT & PSIKOLOGI | D29: 160 | E29: LOGIKA, ILMU TENTANG PEMIKIRAN | F29: MUNDIRI, Drs. H. | H29: PT. RAJA GRAFINDO PERSADA | I29: 979-421-398-5 | J29: 2014 | K29: 227 / A5 | L29: 1 | M29: - | N29: =D29 & CHAR(10) & LEFT(F29,3) & CHAR(10) & LOWER(LEFT(B29,1)) -> 160 MUN l
A30: 29 | B30: ETIKET BERGAUL | C30: 100 | FILSAFAT & PSIKOLOGI | D30: 177 | E30: ETIKA DALAM HUBUNGAN SOSIAL PERGAULAN | F30: SARUMPAET, R.I. | H30: PUBLISHING HOUSE | I30: 979-504-019-7 | J30: 2006 | K30: 143 / A5 | L30: 1 | M30: - | N30: =D30 & CHAR(10) & LEFT(F30,3) & CHAR(10) & LOWER(LEFT(B30,1)) -> 177 SAR e
A31: 30 | B31: INDAHNYA SIKAP BERSAING SECARA SEHAT | C31: 100 | FILSAFAT & PSIKOLOGI | D31: 177 | E31: ETIKA DALAM HUBUNGAN SOSIAL PERGAULAN | F31: EDI WARSIDI | G31: RISSA YANUAR, S.S | H31: CV. PRINGGANDANI | I31: - | J31: 2011 | K31: 72 / A5 | L31: 2 | M31: 177 Indahnya Sikap Bersaing Secara Sehat.jpg | N31: =D31 & CHAR(10) & LEFT(F31,3) & CHAR(10) & LOWER(LEFT(B31,1)) -> 177 EDI i
A32: 31 | B32: KARAKTER KEPAHLAWANAN | C32: 100 | FILSAFAT & PSIKOLOGI | D32: 155.2 | E32: PSIKOLOGI INDIVIDUAL, KARAKTER | F32: RENDI HERMANA | G32: S. YUGANTARA | H32: CV. GEMA BUKU NUSANTARA | I32: 9786029110333 | J32: 2015 | K32: 65 / A5 | L32: 1 | M32: - | N32: =D32 & CHAR(10) & LEFT(F32,3) & CHAR(10) & LOWER(LEFT(B32,1)) -> 155.2 REN k
A33: 32 | B33: MARI MENGINTIP OTAK SASTRAWAN | C33: 100 | FILSAFAT & PSIKOLOGI | D33: 153 | E33: INTELEGENSIA, KECERDASAN PROSES INTELEKTUAL DAN MENTAL | F33: NIA HARYANTO | G33: EKO M | H33: CV. MEDIA SARANA CERDAS | I33: 978-602-9108-05-7 | J33: 2015 | K33: 66 | L33: 4 | M33: 153 Mari Mengintip Otak Sastrawan.jpg | N33: =D33 & CHAR(10) & LEFT(F33,3) & CHAR(10) & LOWER(LEFT(B33,1)) -> 153 NIA m
A34: 33 | B34: KEPERCAYAAN DIRI | C34: 100 | FILSAFAT & PSIKOLOGI | D34: 155.25 | E34: PERKEMBANGAN KEPRIBADIAN, PERKEMBANGAN KARAKTER | F34: GINA FAUZIAH | G34: TIM EDITOR | H34: CV WACANA GELORA CIPTA | I34: 978-602-8808-02-6 | J34: 2009 | K34: 76 | L34: 2 | M34: 155.25 Kepercayaan Diri.jpg | N34: =D34 & CHAR(10) & LEFT(F34,3) & CHAR(10) & LOWER(LEFT(B34,1)) -> 155.25 GIN k
A35: 34 | B35: TUNJUKKAN DIRIMU | C35: 100 | FILSAFAT & PSIKOLOGI | D35: 155.5 | E35: PSIKOLOGI REMAJA | F35: NILAM PERMATA | G35: NILAM PERMATA | H35: NOBEL EDUMEDIA | I35: 978-602-8691-86-4 | J35: 2010 | K35: 161 /A5 | L35: 2 | M35: - | N35: =D35 & CHAR(10) & LEFT(F35,3) & CHAR(10) & LOWER(LEFT(B35,1)) -> 155.5 NIL t
A36: 35 | B36: KISAH INSPIRATIF YANG MEMPERKAYA KARAKTER | C36: 100 | FILSAFAT & PSIKOLOGI | D36: 155.2 | E36: PSIKOLOGI INDIVIDUAL, KARAKTER | F36: EDI WARSIDI | G36: TIM EDITOR | H36: PURIPUSTAKA | I36: 978-602-8712-94-1 | J36: 2015 | K36: 114 | L36: 5 | M36: 155.2 Kisah Inspiratif yang Memperkaya Karakter.jpg | N36: =D36 & CHAR(10) & LEFT(F36,3) & CHAR(10) & LOWER(LEFT(B36,1)) -> 155.2 EDI k
A37: 36 | B37: MELAWAN HAMBATAN DENGAN KARAKTER MENAWAN | C37: 100 | FILSAFAT & PSIKOLOGI | D37: 155.2 | E37: PERKEMBANGAN KEPRIBADIAN, PERKEMBANGAN KARAKTER | F37: EDI WARSIDI | G37: TIM EDITOR PURIPUSTAKA | H37: PURIPUSTAKA | I37: 978-602-8712-95-8 | J37: 98 | K37: 98 | L37: 1 | M37: - | N37: =D37 & CHAR(10) & LEFT(F37,3) & CHAR(10) & LOWER(LEFT(B37,1)) -> 155.2 EDI m
A38: 37 | B38: MARI, MENGINTIP OTAK POLITIKUS | C38: 100 | FILSAFAT & PSIKOLOGI | D38: 153 | E38: INTELEGENSIA, KECERDASAN PROSES INTELEKTUAL DAN MENTAL | F38: NIA HARYANTO | G38: AHSA | H38: CV. MEDIA SARANA CERDAS | I38: 978-602-9108-08-8 | J38: 2015 | K38: 58 | L38: 4 | M38: - | N38: =D38 & CHAR(10) & LEFT(F38,3) & CHAR(10) & LOWER(LEFT(B38,1)) -> 153 NIA m
A39: 38 | B39: CERDAS & CERGAS MENJAGA ETIKET | C39: 100 | FILSAFAT & PSIKOLOGI | D39: 177 | E39: ETIKA DALAM HUBUNGAN SOSIAL PERGAULAN | F39: DIDA YUGANTARA, S.R | G39: M. HABIBIE | H39: PUSTAKA SUNDA | I39: 978-602-9124-28-6 | J39: 2009 | K39: 58 | L39: 1 | M39: 177 Cerdas & Cergas Menjaga Etiket.jpg | N39: =D39 & CHAR(10) & LEFT(F39,3) & CHAR(10) & LOWER(LEFT(B39,1)) -> 177 DID c
A40: 39 | B40: MARI, MENGINTIP OTAK MUSISI | C40: 100 | FILSAFAT & PSIKOLOGI | D40: 153 | E40: INTELEGENSIA, KECERDASAN PROSES INTELEKTUAL DAN MENTAL | F40: NIA HARYANTO | G40: PUTRI | H40: CV MEDIA SARANA CERDAS | I40: 9786029108071 | J40: 2015 | K40: 53 | L40: 3 | M40: 153 Mari, Mengintip Otak Musisi.jpg | N40: =D40 & CHAR(10) & LEFT(F40,3) & CHAR(10) & LOWER(LEFT(B40,1)) -> 153 NIA m
A41: 40 | B41: PIECE OF MIND | MENGAKTIFKAN KEKUATAN PIKIRAN BAWAH SADAR UNTUK MENCAPAI TUJUAN | C41: 100 | FILSAFAT & PSIKOLOGI | D41: 154 | E41: PSIKOLOGI BAWAH SADAR | F41: SANDY MACGREGOR | H41: PT GRAMEDIA PUSTAKA | I41: 979-655-474-7 | J41: 2006 | K41: 243 | L41: 1 | M41: - | N41: =D41 & CHAR(10) & LEFT(F41,3) & CHAR(10) & LOWER(LEFT(B41,1)) -> 154 SAN p
A42: 41 | B42: CLEVER TEENS | C42: 100 | FILSAFAT & PSIKOLOGI | D42: 155.25 | E42: PERKEMBANGAN KEPRIBADIAN, PERKEMBANGAN KARAKTER | F42: FEMI OLIVIA | H42: PT GRAMEDIA | I42: 978-602-02-3931-6 | J42: 2014 | K42: 164 | L42: 2 | M42: 155.25 Clever Teens.jpg | N42: =D42 & CHAR(10) & LEFT(F42,3) & CHAR(10) & LOWER(LEFT(B42,1)) -> 155.25 FEM c
A43: 42 | B43: PRIBADI SMART | C43: 100 | FILSAFAT & PSIKOLOGI | D43: 153 | E43: INTELEGENSIA, KECERDASAN PROSES INTELEKTUAL DAN MENTAL | F43: WAWAN P HARMONO | G43: SYAH ALAM | H43: CV. WACANA GELORA CIPTA | I43: 9186082808763 | J43: 2010 | K43: 76 | L43: 1 | M43: 153 Pribadi Smart.jpg | N43: =D43 & CHAR(10) & LEFT(F43,3) & CHAR(10) & LOWER(LEFT(B43,1)) -> 153 WAW p
A44: 43 | B44: BAGAIMANA MENGEMBANGKAN KECERDASAN? (METODE BARU UNTUK MENGOPTIMALKAN FUNGSI OTAK MANUSIA) | C44: 100 | FILSAFAT & PSIKOLOGI | D44: 153 | E44: INTELEGENSIA, KECERDASAN PROSES INTELEKTUAL DAN MENTAL | F44: SUFYAN RAMADHY, dr. & DADI PERMADI, M.Ed, DR. H. | H44: PT. SARANA PANCA KARYA NUSA | I44: 9789796785063 | J44: 2009 | K44: 246 | L44: 2 | M44: - | N44: =D44 & CHAR(10) & LEFT(F44,3) & CHAR(10) & LOWER(LEFT(B44,1)) -> 153 SUF b
A45: 44 | B45: KERJA TERBAIK | C45: 100 | FILSAFAT & PSIKOLOGI | D45: 155.2 | E45: PSIKOLOGI INDIVIDUAL, KARAKTER | F45: CUT DIAN TARAKAVITA | G45: TIM EDITOR SANGGABUANA | H45: CV. SANGGABUANA | J45: 2011 | K45: 74 | L45: 1 | M45: 155.2 Kerja Terbaik.jpg | N45: =D45 & CHAR(10) & LEFT(F45,3) & CHAR(10) & LOWER(LEFT(B45,1)) -> 155.2 CUT k
A46: 45 | B46: MELEJITKAN IQ, EQ, DAN SQ | KECERDASAN QUANTUM | C46: 100 | FILSAFAT & PSIKOLOGI | D46: 153.9 | E46: KECERDASAN DAN BAKAT | F46: AGUS ANGGERMANTO, IR. | G46: ALPHA MUHAMMAD | H46: NUANSA CENDEKIA | I46: 978-602-350-049-9 | J46: 2015 | K46: 224 | L46: 4 | M46: 153.9 Melejitkan IQ, EQ, dan SQ Kecerdasan Quantum.jpg | N46: =D46 & CHAR(10) & LEFT(F46,3) & CHAR(10) & LOWER(LEFT(B46,1)) -> 153.9 AGU m
A47: 46 | B47: PILAR-PILAR PEMBANGUNAN | KARAKTER REMAJA | C47: 100 | FILSAFAT & PSIKOLOGI | D47: 155.25 | E47: PERKEMBANGAN KEPRIBADIAN, PERKEMBANGAN KARAKTER | F47: ANNA FARIDA | G47: IKA FIBRIANTI | H47: NUANSA | I47: 978-602-8395-14-4 | J47: 2016 | K47: 152 | L47: 4 | M47: 155.25 Pilar-Pilar Pembangunan Karakter Remaja.jpg | N47: =D47 & CHAR(10) & LEFT(F47,3) & CHAR(10) & LOWER(LEFT(B47,1)) -> 155.25 ANN p
A48: 47 | B48: SENAM OTAK | C48: 100 | FILSAFAT & PSIKOLOGI | D48: 155.25 | E48: PERKEMBANGAN KEPRIBADIAN, PERKEMBANGAN KARAKTER | F48: SAHDA HALIM | G48: KORY AWALAMSYAH | H48: CAKRAWALA | I48: 979-383-103-0 | J48: 2012 | K48: 184 | L48: 1 | M48: - | N48: =D48 & CHAR(10) & LEFT(F48,3) & CHAR(10) & LOWER(LEFT(B48,1)) -> 155.25 SAH s
A49: 48 | B49: BERDAMAI DENGAN SIFAT KEWANITAAN | C49: 100 | FILSAFAT & PSIKOLOGI | D49: 155.5 | E49: PSIKOLOGI REMAJA | F49: YULIA NURSETYAWATHIE | G49: DINA AZRINA BUKHARI | H49: PT. DANGIANG PUSTAKA | I49: 978-602-9123-51-7 | J49: 2015 | K49: 54 | L49: 1 | M49: 155.5 Berdamai Dengan Sifat Kewanitaan.jpg | N49: =D49 & CHAR(10) & LEFT(F49,3) & CHAR(10) & LOWER(LEFT(B49,1)) -> 155.5 YUL b
A50: 49 | B50: PASSWORD MENUJU SUKSES | RAHASIA MEMBANGUN SUKSES INDIVIDU, LEMBAGA, DAN PERUSAHAAN | C50: 100 | FILSAFAT & PSIKOLOGI | D50: 158.1 | E50: PERBAIKAN PRIBADI, PENGHIDUPAN YANG SUKSES | F50: SUMARDI, M. SC, DR. | G50: DANIEL P. PURBA. S. Sos | H50: PT. GELORA AKSARA PRATAMA | J50: 2006 | K50: 220 | L50: 1 | M50: 158.1 Password Menuju Sukses Rahasia Membangun Sukses Individu, Lembaga, dan Perusahaan.jpg | N50: =D50 & CHAR(10) & LEFT(F50,3) & CHAR(10) & LOWER(LEFT(B50,1)) -> 158.1 SUM p
A51: 50 | B51: SIKAP MENTAL PANTANG MENYERAH | C51: 100 | FILSAFAT & PSIKOLOGI | D51: 153 | E51: INTELEGENSIA, KECERDASAN PROSES INTELEKTUAL DAN MENTAL | F51: AGUS TARSONO | G51: ENTERNITY VREATIVE | H51: CV. ESVIRA MANDIRI | I51: 978-602-99519-1-2 | K51: 74 | L51: 1 | M51: - | N51: =D51 & CHAR(10) & LEFT(F51,3) & CHAR(10) & LOWER(LEFT(B51,1)) -> 153 AGU s
A52: 51 | B52: MUDA DAN BERPRESTASI | C52: 100 | FILSAFAT & PSIKOLOGI | D52: 155.25 | E52: PERKEMBANGAN KEPRIBADIAN, PERKEMBANGAN KARAKTER | F52: KARMILA | G52: DWI PRABOWO | H52: CEMPAKA PUTIH | I52: 979-662-396-9 | J52: 2008 | K52: 68 | L52: 1 | M52: 155.25 Muda dan Berprestasi.jpg | N52: =D52 & CHAR(10) & LEFT(F52,3) & CHAR(10) & LOWER(LEFT(B52,1)) -> 155.25 KAR m
A53: 52 | B53: MENGELOLA EMOSI REMAJA | C53: 100 | FILSAFAT & PSIKOLOGI | D53: 152.4 | E53: EMOSI DAN PERASAAN | F53: TUTI TRESNAWATI | G53: INPOSISI STUDIO | H53: CV. TEMAN BELAJAR | I53: 978-603-9107-46-3 | J53: 2015 | K53: 58 | L53: 4 | M53: 152.4 Mengelola Emosi Remaja.jpg | N53: =D53 & CHAR(10) & LEFT(F53,3) & CHAR(10) & LOWER(LEFT(B53,1)) -> 152.4 TUT m
A54: 53 | B54: BERDAMAI DENGAN PERDEBATAN | C54: 100 | FILSAFAT & PSIKOLOGI | D54: 155.5 | E54: PSIKOLOGI REMAJA | F54: YOPI H. NASIR | G54: MUHAMMAD HABIBIE | H54: PT DANGIANG PUSTAKA | I54: 978-602-9123-54-8 | J54: 2015 | K54: 54 | L54: 1 | M54: 155.5 Berdamai dengan Perdebatan.jpg | N54: =D54 & CHAR(10) & LEFT(F54,3) & CHAR(10) & LOWER(LEFT(B54,1)) -> 155.5 YOP b
A55: 54 | B55: BERDAMAI DENGAN PERKELAHIAN | C55: 100 | FILSAFAT & PSIKOLOGI | D55: 155.5 | E55: PSIKOLOGI REMAJA | F55: IRMA SUSILOWATI | G55: IZZUDIN IRSAM MUJIB | H55: TIGA MEDIA PRIMA | I55: 978-602-99442-0-4 | J55: 2015 | K55: 58 | L55: 1 | M55: 155.5 Berdamai dengan Perkelahian.jpg | N55: =D55 & CHAR(10) & LEFT(F55,3) & CHAR(10) & LOWER(LEFT(B55,1)) -> 155.5 IRM b
A56: 55 | B56: BERDAMAI DENGAN KENAKALAN | C56: 100 | FILSAFAT & PSIKOLOGI | D56: 155.5 | E56: PSIKOLOGI REMAJA | F56: SARJAN RAMDJANI | G56: MUHAMMAD HABIBIE | H56: PT DANGIANG PUSTAKA | I56: 978-602-9123-50-0 | J56: 2015 | K56: 54 | L56: 1 | M56: 155.5 Berdamai Dengan Kenakalan.jpg | N56: =D56 & CHAR(10) & LEFT(F56,3) & CHAR(10) & LOWER(LEFT(B56,1)) -> 155.5 SAR b
A57: 56 | B57: BERDAMAI DENGAN KETELATAN | C57: 100 | FILSAFAT & PSIKOLOGI | D57: 155.5 | E57: PSIKOLOGI REMAJA | F57: SARJAN RAMDJANI | G57: DINA AZRINA BUKHARI | H57: PT DANGIANG PUSTAKA | I57: 978-602-9123-57-9 | J57: 2015 | K57: 54 | L57: 1 | M57: 155.5 Berdamai dengan Ketelatan.jpg | N57: =D57 & CHAR(10) & LEFT(F57,3) & CHAR(10) & LOWER(LEFT(B57,1)) -> 155.5 SAR b
A58: 57 | B58: BERDAMAI DENGAN GAYA HIDUP | C58: 100 | FILSAFAT & PSIKOLOGI | D58: 155.5 | E58: PSIKOLOGI REMAJA | F58: IRMA SUSILOWATI | G58: DINA AZRINA BUKHARI | H58: PT DANGIANG PUSTAKA | I58: 978-602-9123-62-3 | J58: 2015 | K58: 54 | L58: 1 | M58: - | N58: =D58 & CHAR(10) & LEFT(F58,3) & CHAR(10) & LOWER(LEFT(B58,1)) -> 155.5 IRM b
A59: 58 | B59: BERDAMAI DENGAN SIFAT KELELAKIAN | C59: 100 | FILSAFAT & PSIKOLOGI | D59: 155.5 | E59: PSIKOLOGI REMAJA | F59: IZZUDIN IRSAM MUJIB | G59: DINA BUKHARI | H59: PT DANGIANG PUSTAKA | I59: 978-602-9123-52-4 | J59: 2015 | K59: 54 | L59: 1 | M59: 155.5 Berdamai Dengan Sifat Kelelakian.jpg | N59: =D59 & CHAR(10) & LEFT(F59,3) & CHAR(10) & LOWER(LEFT(B59,1)) -> 155.5 IZZ b
A60: 59 | B60: MEMBENTUK CITRA DIRI PRIBADI YANG POSITIF | C60: 100 | FILSAFAT & PSIKOLOGI | D60: 158.1 | E60: PERBAIKAN PRIBADI, PENGHIDUPAN YANG SUKSES | F60: TUTI TRESNAWATI | G60: INPOSISI.STUDIO | H60: CV. AMALIA BOOK | I60: 978-602-9106-35-0 | J60: 2015 | K60: 55 | L60: 1 | M60: - | N60: =D60 & CHAR(10) & LEFT(F60,3) & CHAR(10) & LOWER(LEFT(B60,1)) -> 158.1 TUT m
A61: 60 | B61: BERDAMAI DENGAN PRIVASI | C61: 100 | FILSAFAT & PSIKOLOGI | D61: 155.5 | E61: PSIKOLOGI REMAJA | F61: HANIF F. | G61: IZZUDIN IRSAM MUJIB | H61: PT DANGIANG PUSTAKA | I61: 978-602-9123-58-6 | J61: 2015 | K61: 54 | L61: 1 | M61: - | N61: =D61 & CHAR(10) & LEFT(F61,3) & CHAR(10) & LOWER(LEFT(B61,1)) -> 155.5 HAN b
A62: 61 | B62: BERDAMAI DENGAN EJEKAN | C62: 100 | FILSAFAT & PSIKOLOGI | D62: 155.5 | E62: PSIKOLOGI REMAJA | F62: ISMAIL KUSMAYADI | G62: A. RUHIMAT | H62: PT DANGIANG PUSTAKA | I62: 978-602-9123-56-2 | J62: 2015 | K62: 54 | L62: 1 | M62: 155.5 Berdamai Dengan Ejekan.jpg | N62: =D62 & CHAR(10) & LEFT(F62,3) & CHAR(10) & LOWER(LEFT(B62,1)) -> 155.5 ISM b
A63: 62 | B63: BERDAMAI DENGAN PERSAINGAN | C63: 100 | FILSAFAT & PSIKOLOGI | D63: 155.5 | E63: PSIKOLOGI REMAJA | F63: SRI RATNA HADI | G63: MUHAMMAD HABIBIE | H63: PT DANGIANG PUSTAKA | I63: 978-602-9123-53-1 | J63: 2015 | K63: 54 | L63: 1 | M63: 155.5 Berdamai dengan Persaingan.jpg | N63: =D63 & CHAR(10) & LEFT(F63,3) & CHAR(10) & LOWER(LEFT(B63,1)) -> 155.5 SRI b
A64: 63 | B64: BERDAMAI DENGAN KEKASARAN | C64: 100 | FILSAFAT & PSIKOLOGI | D64: 155.5 | E64: PSIKOLOGI REMAJA | F64: YOPI H. NASIR | G64: MUHAMMAD HABIBIE | H64: PT DANGIANG PUSTAKA | I64: 987-602-9123-67-8 | J64: 2015 | K64: 54 | L64: 1 | M64: - | N64: =D64 & CHAR(10) & LEFT(F64,3) & CHAR(10) & LOWER(LEFT(B64,1)) -> 155.5 YOP b
A65: 64 | B65: MEMINTA MAAF ITU BAIK | C65: 100 | FILSAFAT & PSIKOLOGI | D65: 173 | E65: ETIKA HUBUNGAN KELUARGA | F65: BUDHI PRIANTO | G65: FANDI | H65: MEDIA PUSINDO | I65: 9.78603e+17 | J65: 2013 | K65: 54 hlm; 21 cm | L65: 4 | M65: 173 Meminta Maaf Itu Baik.jpg | N65: =D65 & CHAR(10) & LEFT(F65,3) & CHAR(10) & LOWER(LEFT(B65,1)) -> 173 BUD m
A66: 65 | B66: BERDAMAI DENGAN GOSIP | C66: 100 | FILSAFAT & PSIKOLOGI | D66: 155.5 | E66: PSIKOLOGI REMAJA | F66: TUSYE A. FULFORD | G66: ASEP RUHIMAT | H66: PT DANGIANG PUSTAKA | I66: 978-623-95808-7-2 | J66: 2015 | K66: 54 hlm; 25 cm | L66: 1 | M66: - | N66: =D66 & CHAR(10) & LEFT(F66,3) & CHAR(10) & LOWER(LEFT(B66,1)) -> 155.5 TUS b
A67: 66 | B67: JANGAN MAU JADI PEMBOROS | C67: 100 | FILSAFAT & PSIKOLOGI | D67: 171.4 | E67: ETIKA HUBUNGAN KELUARGA | F67: EDI WARSIDI | G67: RISA YANUAR,S.S | H67: CV PRINGGANI | J67: 2011 | K67: 74 | L67: 3 | M67: 171.4 Jangan Mau Jadi Pemboros.jpg | N67: =D67 & CHAR(10) & LEFT(F67,3) & CHAR(10) & LOWER(LEFT(B67,1)) -> 171.4 EDI j
A68: 67 | B68: KARAKTER DENGKI MERUSAKKAN MASA DEPAN | C68: 100 | FILSAFAT & PSIKOLOGI | D68: 155.2 | E68: PSIKOLOGI INDIVIDUAL, KARAKTER | F68: EDI WARSIDI | G68: RISA YANUAR,S.S | H68: CV. PRINGGANDANI | J68: 2011 | K68: 74 | L68: 1 | M68: - | N68: =D68 & CHAR(10) & LEFT(F68,3) & CHAR(10) & LOWER(LEFT(B68,1)) -> 155.2 EDI k
A69: 68 | B69: STAY WOLES AND YOU ARE GREAT! | C69: 100 | FILSAFAT & PSIKOLOGI | D69: 155.5 | E69: PSIKOLOGI REMAJA | F69: QUL KHAIRAN | G69: HARIYANTO, RUSDIANTO, DAN AYA SOPHIA | H69: DIVA PRESS | J69: 2014 | K69: 172 | L69: 1 | M69: 155.5 Stay Woles and You Are Great!.jpg | N69: =D69 & CHAR(10) & LEFT(F69,3) & CHAR(10) & LOWER(LEFT(B69,1)) -> 155.5 QUL s
A70: 69 | B70: BUTIR-BUTIR POKOK KARAKTER RELIGIUS | C70: 100 | FILSAFAT & PSIKOLOGI | D70: 155.2 | E70: PSIKOLOGI INDIVIDUAL, KARAKTER | F70: AHMAD YANI | G70: TIM EDITOR JEMBAR | H70: CV. JEMBAR SUGIH MUKTI | J70: 2011 | K70: 86 | L70: 2 | M70: - | N70: =D70 & CHAR(10) & LEFT(F70,3) & CHAR(10) & LOWER(LEFT(B70,1)) -> 155.2 AHM b
A71: 70 | B71: BIMBINGAN & KONSELING | C71: 100 | FILSAFAT & PSIKOLOGI | D71: 158.3 | E71: KONSELING, PENYULUHAN, PEMBERIAN NASEHAT DAN WAWANCARA | F71: ACHMAD JUNTIKA, Dr. | G71: ANNA SUSANA | H71: PT. REFIKA ADITAMA | I71: 979-1073-24-4 | J71: 2010 | K71: 124 | L71: 1 | M71: 158.3 Bimbingan & Konseling.jpg | N71: =D71 & CHAR(10) & LEFT(F71,3) & CHAR(10) & LOWER(LEFT(B71,1)) -> 158.3 ACH b
A72: 71 | B72: RAGAM PAHAM BERBAHAYA | C72: 100 | FILSAFAT & PSIKOLOGI | D72: 140 | E72: FILSAFAT | F72: AJI SETIAJI | G72: S. YUGANTARA | H72: CV. GEMA BUKA NUSANTARA | I72: 978-602-9110-25-8 | J72: 2012 | K72: 57 | L72: 1 | M72: - | N72: =D72 & CHAR(10) & LEFT(F72,3) & CHAR(10) & LOWER(LEFT(B72,1)) -> 140 AJI r
A73: 72 | B73: DETEKSI DINI TERORISME | MENGENAL CIKAL BAKAL SIFAT-SIFAT TERORIS | C73: 100 | FILSAFAT & PSIKOLOGI | D73: 108 | E73: MENGETAHUI SIFAT TERORIS | F73: RUDI SYAHABUDDIN - HIKA D. ASRIL PUTRA | G73: ZUSIYANAH SAMOSIR | H73: PT NUSANTARALESTARI CERIAPRATAMA | I73: 978-602-8822-17-6 | J73: 2010 | K73: 100 | L73: 1 | M73: - | N73: =D73 & CHAR(10) & LEFT(F73,3) & CHAR(10) & LOWER(LEFT(B73,1)) -> 108 RUD d
A74: 73 | B74: MENGEMBANGKAN KARAKTER TERPUJI DALAM BERORGANISASI | C74: 100 | FILSAFAT & PSIKOLOGI | D74: 158.2 | E74: HUBUNGAN ANTAR INDIVIDU | F74: YULDI | G74: TIM RIZKY ADITYA | H74: CV. RIZKY ADITYA | J74: 2010 | K74: 58 | L74: 1 | M74: 158.2 Mengembangkan Karakter Terpuji dalam Berorganisasi.jpg | N74: =D74 & CHAR(10) & LEFT(F74,3) & CHAR(10) & LOWER(LEFT(B74,1)) -> 158.2 YUL m
A75: 74 | B75: AKHLAK MULIA PERBUATAN UNTUK MENINGKATKAN KEBAIKAN | C75: 100 | FILSAFAT & PSIKOLOGI | D75: 170 | E75: ETIKA, FILSAFAT MORAL | F75: DEWI ASTUTI, S.SOS | G75: ICHSAN SUHADA | H75: PT IMPERIAL | I75: 978-602-8318-20-4 | J75: 2014 | K75: 66 | L75: 1 | M75: 170 Akhlak Mulia - Perbuatan untuk Meningkatkan Kebaikan.jpg | N75: =D75 & CHAR(10) & LEFT(F75,3) & CHAR(10) & LOWER(LEFT(B75,1)) -> 170 DEW a
A76: 75 | B76: GENERASI PENUH PERSAHABATAN | C76: 100 | FILSAFAT & PSIKOLOGI | D76: 177 | E76: ETIKA DALAM HUBUNGAN SOSIAL PERGAULAN | F76: LUTFI AVIANTO | M. RAUSHAN FIKR | G76: WENI RAHAYU | H76: PT BINA SARANA PUSTAKA | I76: 978-602-8181-27-3 | J76: 2015 | K76: 68 | L76: 1 | M76: 177 Generasi Penuh Persahabatan.jpg | N76: =D76 & CHAR(10) & LEFT(F76,3) & CHAR(10) & LOWER(LEFT(B76,1)) -> 177 LUT g
A77: 76 | B77: BENDE MATARAM | SAATNYA MENUNTUN KSATRIA LASYKAR - E - HUBBUL WATHON | C77: 800 | KESUSASTRAAN | D77: 813 | E77: FIKSI INDONESIA | F77: MAYA SAFIRA M | G77: WANDY N TUTUROONG | H77: PT LKiS PELANGI AKSARA | I77: 979-99450-6-2 | J77: 2005 | K77: 239 | L77: 1 | M77: 813 Bende Mataram.jpg | N77: =D77 & CHAR(10) & LEFT(F77,3) & CHAR(10) & LOWER(LEFT(B77,1)) -> 813 MAY b
A78: 77 | B78: KAMUS KIMIA | C78: 500 | ILMU MURNI | D78: 540.3 | E78: KAMUS KIMIA | F78: Drs. MULYONO HAM | H78: BUMI AKSARA | I78: 979-526-060-x | J78: 2006 | K78: 506 hlm. | L78: 1 | M78: 540.3 Kamus Kimia.jpg | N78: =D78 & CHAR(10) & LEFT(F78,3) & CHAR(10) & LOWER(LEFT(B78,1)) -> 540.3 Drs k
A79: 78 | B79: PRESTASI GEMILANG ANAK BANGSA | SERI OLIMPIADE MATEMATIKA, INFORMATIKA, DAN ASTRONOMI | C79: 100 | FILSAFAT & PSIKOLOGI | F79: LUTFI AVIANTO | G79: WENI RAHAYU | H79: PT BINA SARANA PUSTAKA | I79: 978-602-8181-28-0 | J79: 2015 | K79: 68 | L79: 1 | M79: - | N79: =D79 & CHAR(10) & LEFT(F79,3) & CHAR(10) & LOWER(LEFT(B79,1)) -> LUT p
A80: 79 | B80: GENERASI BERPRESTASI | C80: 100 | FILSAFAT & PSIKOLOGI | D80: 153 | E80: INTELEGENSIA, KECERDASAN PROSES INTELEKTUAL DAN MENTAL | F80: LUTFI AVIANTO | G80: WENI RAHAYU | H80: PT BINA SARANA PUSTAKA | I80: 978-602-8181-28-0 | J80: 2015 | K80: 68 | L80: 1 | M80: 153 Generasi Berprestasi.jpg | N80: =D80 & CHAR(10) & LEFT(F80,3) & CHAR(10) & LOWER(LEFT(B80,1)) -> 153 LUT g
A81: 80 | B81: SALING MENGHORMATI ITU INDAH | C81: 100 | FILSAFAT & PSIKOLOGI | D81: 177 | E81: ETIKA DALAM HUBUNGAN SOSIAL PERGAULAN | F81: TABRANI, (H. ) | G81: TIM PUSTAKA DINAMIKA | H81: PUSTAKA DINAMIKA | I81: 078-979-3326-06-1 | J81: 2015 | K81: 44 | L81: 3 | M81: 177 Saling Menghormati Itu Indah.jpg | N81: =LEFT(D81,3) & CHAR(10) & LEFT(F81,3) & CHAR(10) & LOWER(LEFT(B81,1)) -> 177 TAB s
A82: 81 | B82: MALU BERBUAT KELIRU | C82: 100 | FILSAFAT & PSIKOLOGI | D82: 155.25 | E82: PERKEMBANGAN KEPRIBADIAN, PERKEMBANGAN KARAKTER | F82: EDI WARSIDI | G82: RISA YANUAR,S.S | H82: CV. BOENZ ENTERPRISE | I82: 978-602-5764-02-8 | J82: 2012 | K82: 82 | L82: 6 | M82: 155.25 Malu Berbuat Keliru.jpg | N82: =D82 & CHAR(10) & LEFT(F82,3) & CHAR(10) & LOWER(LEFT(B82,1)) -> 155.25 EDI m
A83: 82 | B83: BERDAMAI DENGAN KEBOHONGAN | C83: 100 | FILSAFAT & PSIKOLOGI | D83: 155.5 | E83: PSIKOLOGI REMAJA | F83: ISMAIL KUSMAYADI | G83: DINA AZRINA BUKHARI | H83: PT DANGIANG PUSTAKA | I83: 978-602-9123-72-2 | J83: 2015 | K83: 54 hlm; 25 cm | L83: 1 | M83: 155.5 Berdamai dengan Kebohongan.jpg | N83: =D83 & CHAR(10) & LEFT(F83,3) & CHAR(10) & LOWER(LEFT(B83,1)) -> 155.5 ISM b
A84: 83 | B84: SYUBHAT SEPUTAR PUASA | C84: 200 | AGAMA | D84: 297362 | E84: PUASA | F84: MUHAMMAD RAHMATULLAH | G84: DENIS ARIFANDI | H84: PT. TIGA SERANGKAI | I84: 9786029211566 | J84: 2012 | K84: 130 | L84: 1 | M84: 297.362 Syubhat Seputar Puasa.jpg | N84: =D84 & CHAR(10) & LEFT(F84,3) & CHAR(10) & LOWER(LEFT(B84,1)) -> 297362 MUH s
A85: 84 | B85: KHAZANAH KEARIFAN AGAMA-AGAMA DI INDONESIA | C85: 200 | AGAMA | D85: 297.07 | E85: PENDIDIKAN ISLAM, PENELITIAN ISLAM DAN TOPIK YANG BERKAITAN | F85: ERWIM KUSUMA | G85: ZUSIYANAH SAMOSIR | H85: CV. KOMUNIKA | I85: 978-979-056-064-2 | J85: 2010 | K85: 180 | L85: 1 | M85: - | N85: =D85 & CHAR(10) & LEFT(F85,3) & CHAR(10) & LOWER(LEFT(B85,1)) -> 297.07 ERW k
A86: 85 | B86: MELAKUKAN PERBUATAN TERPUJI | C86: 200 | AGAMA | D86: 297.5 | E86: ETIKA ISLAM, PRAKTIK KEAGAMAAN | F86: TJETJEP S, Drs. | G86: TIM EDITOR PT. PURI DELCO | H86: PT. PURI DELCO | I86: 978-602-8713-69-6 | J86: 2011 | K86: 74 | L86: 2 | M86: 297.5 Melakukan Perbuatan Terpuji.jpg | N86: =D86 & CHAR(10) & LEFT(F86,3) & CHAR(10) & LOWER(LEFT(B86,1)) -> 297.5 TJE m
A87: 86 | B87: AYO, BELAJAR SHALAT SUNAT! | C87: 200 | AGAMA | D87: 297.3 | E87: PRAKTIK AGAMA ISLAM | F87: HIDAYAT | G87: NURAINI | H87: IMTIMA | J87: 2009 | K87: 43 | L87: 1 | M87: - | N87: =D87 & CHAR(10) & LEFT(F87,3) & CHAR(10) & LOWER(LEFT(B87,1)) -> 297.3 HID a
A88: 87 | B88: HIKMAH KEJUJURAN | C88: 200 | AGAMA | D88: 297.5 | E88: ETIKA ISLAM, PRAKTIK KEAGAMAAN | F88: Drs. TJETJEP S. RANUATMAJA | G88: TIM EDITOR PT. PURI DELCO | H88: PT. PURI DELCO | I88: 978-602-8713-66-5 | J88: 2011 | K88: 80 | L88: 2 | M88: - | N88: =D88 & CHAR(10) & LEFT(F88,3) & CHAR(10) & LOWER(LEFT(B88,1)) -> 297.5 Drs h
A89: 88 | B89: PEDOMAN ILMU TAJWID LENGKAP | C89: 200 | AGAMA | D89: 2X1.121 | E89: TAJWID | F89: ACEP IIM ABDUROHIM (Ustadz) | G89: ANWAR YURO dkk | H89: DIPONEGORO | J89: 2007 | K89: 208 | L89: 1 | M89: - | N89: =D89 & CHAR(10) & LEFT(F89,3) & CHAR(10) & LOWER(LEFT(B89,1)) -> 2X1.121 ACE p
A90: 89 | B90: KARAKTER YANG MEMESONA KEBIASAAN BERSEDEKAH | C90: 200 | AGAMA | D90: 2X4.251 | E90: SHADAQAH, SHODAQOH, SEDEKAH | F90: EDI WARSIDI | G90: RISA YANUAR, S.S | H90: CV. BOENZ ENTERPRISE | J90: 2011 | K90: 70 | L90: 2 | M90: 2X4.251 Karakter yang Memesona Kebiasaan Bersedekah.jpg | N90: =D90 & CHAR(10) & LEFT(F90,3) & CHAR(10) & LOWER(LEFT(B90,1)) -> 2X4.251 EDI k
A91: 90 | B91: PARA PENEBAR KEDAMAIAN | C91: 200 | AGAMA | D91: 297 | E91: AGAMA ISLAM | F91: ADHI ENDANG JAYA | G91: IRWAN KURNIAWAN, M. Ag | H91: PENERBIT MARJA | I91: 979-24-5692-9 | J91: 2016 | K91: 92 | L91: 3 | M91: 297 Para Penebar Kedamaian.jpg | N91: =D91 & CHAR(10) & LEFT(F91,3) & CHAR(10) & LOWER(LEFT(B91,1)) -> 297 ADH p
A92: 91 | B92: KISAH 25 NABI & RASUL | C92: 200 | AGAMA | D92: 2X3.4 | E92: IMAN KEPADA NABI DAN RASUL | F92: ZAID HUSEIN ALHAMID | G92: HUSIN ABDULLAH | H92: PUSTAKA AMANI JAKARTA | J92: 1995 | K92: 161 | L92: 1 | M92: - | N92: =D92 & CHAR(10) & LEFT(F92,3) & CHAR(10) & LOWER(LEFT(B92,1)) -> 2X3.4 ZAI k
A93: 92 | B93: MENJADI TENTRAM DAN BAHAGIA DENGAN SHALAT | C93: 200 | AGAMA | D93: 2X4.12 | E93: SHALAT | F93: MUH. FADLUN, S.Pd.I. | H93: PUSTAKA MEDIA | I93: 978-602-8214-79-7 | J93: 2014 | K93: 278 | L93: 1 | M93: - | N93: =D93 & CHAR(10) & LEFT(F93,3) & CHAR(10) & LOWER(LEFT(B93,1)) -> 2X4.12 MUH m
A94: 93 | B94: PELAJARAN ILMU TAJWID | C94: 200 | AGAMA | D94: 2X1.121 | E94: TAJWID | F94: HIDAYAT, E. | G94: IR. JOHANSYAH | J94: 1986 | K94: 148 | L94: 1 | M94: 2X1.121 Pelajaran Ilmu Tajwid.jpg | N94: =D94 & CHAR(10) & LEFT(F94,3) & CHAR(10) & LOWER(LEFT(B94,1)) -> 2X1.121 HID p
A95: 94 | B95: SAHABAT BERTANYA NABI MENJAWAB | C95: 200 | AGAMA | D95: 297.648 | E95: SAHABAT NABI MUHAMMAD SAW | F95: MUAZ, (A. ) | G95: MUAZ, (A. ) | H95: PT. VARIAPOP GROUP | J95: 2011 | K95: 192 | L95: 1 | M95: 297.648 Sahabat Bertanya Nabi Menjawab.jpg | N95: =D95 & CHAR(10) & LEFT(F95,3) & CHAR(10) & LOWER(LEFT(B95,1)) -> 297.648 MUA s
A96: 95 | B96: TUNTUNAN ISLAM DALAM KEHIDUPAN REMAJA MASA KINI | C96: 200 | AGAMA | D96: 297.3 | E96: IBADAH | F96: ADDIN A.M. | G96: EDI WARSIDI | H96: PT. PURI DELCO | I96: 978-602-8713-05-4 | J96: 2015 | K96: 134 | L96: 3 | M96: - | N96: =D96 & CHAR(10) & LEFT(F96,3) & CHAR(10) & LOWER(LEFT(B96,1)) -> 297.3 ADD t
A97: 96 | B97: BAHAYA MEROKOK | C97: 800 | KESUSASTRAAN | D97: 813 | E97: CERITA | F97: SENO SUBRO | G97: RENI AAT dkk | H97: ERA ADICITRA INTERMEDIA | I97: 9799793415399 | J97: 2015 | K97: 56 hlm; 21 cm | L97: 1 | M97: 813 Bahaya Merokok.jpg | N97: =D97 & CHAR(10) & LEFT(F97,3) & CHAR(10) & LOWER(LEFT(B97,1)) -> 813 SEN b
A98: 97 | B98: USHULUDDIN | C98: 200 | AGAMA | D98: 297.211 | E98: ALLAH SWT | F98: MUHSIN QIRAATI | H98: CAHAYA | I98: 978-979-3259-78-9 | J98: 2010 | K98: 58 | L98: 2 | M98: 297.211 Ushuluddin.jpg | N98: =D98 & CHAR(10) & LEFT(F98,3) & CHAR(10) & LOWER(LEFT(B98,1)) -> 297.211 MUH u
A99: 98 | B99: AKHLAK MULIA BAGI REMAJA | C99: 200 | AGAMA | D99: 297.5 | E99: ETIKA ISLAM, PRAKTIK KEAGAMAAN | F99: AGUS SULAIMAN | G99: ZUSIYANAH SAMOSIR | H99: PT NUSANTARALESTARI CERIAPRATAMA | I99: 978-979-3433-66-3 | J99: 2010 | K99: 94 | L99: 2 | M99: - | N99: =D99 & CHAR(10) & LEFT(F99,3) & CHAR(10) & LOWER(LEFT(B99,1)) -> 297.5 AGU a
A100: 99 | B100: KUMPULAN HADITS TENTANG AKHLAK TERCELA | C100: 200 | AGAMA | D100: 297.125 | E100: HADITS | F100: SOLEH HIDAYAT | G100: JODI ANDREA | H100: CV MEGAH JAYA | J100: 2009 | K100: 42 | L100: 1 | M100: - | N100: =D100 & CHAR(10) & LEFT(F100,3) & CHAR(10) & LOWER(LEFT(B100,1)) -> 297.125 SOL k
...

Sheet E book
A1: d | B1: JUDUL BUKU | C1: KATEGORI | D1: DDC | E1: KETERANGAN | F1: PENULIS / PENERJEMAH | G1: EDITOR | H1: PENERBIT | I1: ISBN | J1: TAHUN | K1: JML HAL | L1: JML BUKU | M1: GAMBAR | N1: KODE LABEL | O1: =COUNTA(B2:B1650) -> 27 | P1: 800 | KESUSASTRAAN | Q1: =COUNTIF($C$2:$C1600,P1) -> 25 | R1: =Q1-COUNTIFS(M2:M1600,"-",C2:C1600,P1) -> 25 | S1: =Q1-R1 -> 0 | T1: =R1/Q1 -> 1 | U1: =sum(L2:L1600) -> 25
A2: 1 | B2: DUNIA SHOPIE : SEBUAH NOVEL FILSAFAT | C2: 800 | KESUSASTRAAN | D2: 813 | E2: NOVEL | F2: JOSTEIN GAARDER | G2: YULIANI LIPUTO, ANDITYAS PRABANTORO | H2: PT. MIZAN PUSTAKA | I2: 978-979-433-574-1 | J2: 2014 | K2: 798 | L2: 1 | M2: e 813 Dunia Sophie .jpg | N2: =D2 & CHAR(10) & LEFT(F2,3) & CHAR(10) & LOWER(LEFT(B2,1)) -> 813 JOS d
A3: 2 | B3: ANCIKA: DIA YANG BERSAMAKU TAHUN 1995 | C3: 800 | KESUSASTRAAN | D3: 813 | E3: NOVEL | F3: PIDI BAIQ | G3: Esti Ayu Budihabsari Ilham Miftahuddin | H3: PT Mizan Pustaka | I3: 978-602-6716-90-3 | J3: 2021 | K3: 340 hal | L3: 1 | M3: e 813 Ancika - Dia yang Bersamaku Tahun 1995.jpg | N3: =D3 & CHAR(10) & LEFT(F3,3) & CHAR(10) & LOWER(LEFT(B3,1)) -> 813 PID a
A4: 3 | B4: ANIMAL FARM | C4: 800 | KESUSASTRAAN | D4: 813 | E4: NOVEL | F4: GEORGE ORWELL / PROF. BAKDI SOEMANTO | G4: Ika Yuliana Kurniasih | H4: PT Bentang Pustaka, Yogyakarta | I4: 978-602-291-283-5 | J4: 2016 | K4: 144 hlm,; 20,5 cm | L4: 1 | M4: e 813 Animal Farm.jpg | N4: =D4 & CHAR(10) & LEFT(F4,3) & CHAR(10) & LOWER(LEFT(B4,1)) -> 813 GEO a
A5: 4 | B5: ARGANTARA | C5: 800 | KESUSASTRAAN | D5: 813 | E5: NOVEL | F5: FALISTIYANA | G5: Rahastri Fajar Puspasari | H5: PT Sarana Kreasi Abadi, Depok | J5: 2021 | K5: 484 hal.; 14,5 x 20,5 cm | L5: 1 | M5: e 813 Argantara.jpg | N5: =D5 & CHAR(10) & LEFT(F5,3) & CHAR(10) & LOWER(LEFT(B5,1)) -> 813 FAL a
A6: 5 | B6: BIDADARI BERSAYAP BIRU | C6: 800 | KESUSASTRAAN | D6: 813 | E6: NOVEL | F6: AGNES JESSICA | H6: PT Gramedia Pustaka Utama, Jakarta | I6: 978-602-03-7594-6 | J6: 2017 | K6: 224 hlm.; 20 cm | L6: 1 | M6: e 813 Bidadari Bersayap Biru.jpg | N6: =D6 & CHAR(10) & LEFT(F6,3) & CHAR(10) & LOWER(LEFT(B6,1)) -> 813 AGN b
A7: 6 | B7: BUMI | C7: 800 | KESUSASTRAAN | D7: 813 | E7: NOVEL | F7: TERE LIYE | G7: Danya Putri Triana Rahmawati | H7: PT Gramedia Pustaka Utama, Jakarta | I7: 978-602-03-0112-9 | J7: 2014 | K7: 440 hal; 20 cm | L7: 1 | M7: e 813 Bumi.jpg | N7: =D7 & CHAR(10) & LEFT(F7,3) & CHAR(10) & LOWER(LEFT(B7,1)) -> 813 TER b
A8: 7 | B8: CANDIDE (Candide ou l’OptimIsme) | C8: 800 | KESUSASTRAAN | D8: 813 | E8: NOVEL | F8: VOLTAIRE / IDA SUNDARI HUSEIN | H8: Kepustakaan Populer Gramedia, Jakarta | I8: 978-602-424-160-5 | J8: 2016 | K8: 154 hlm.; 14 x 21 cm | L8: 1 | M8: e 813 Candide.jpg | N8: =D8 & CHAR(10) & LEFT(F8,3) & CHAR(10) & LOWER(LEFT(B8,1)) -> 813 VOL c
A9: 8 | B9: ENIGMA 2: MENGUAK FAKTA-FAKTA MISTERIUS PALING FENOMENAL DI DUNIA | C9: 000 | KARYA UMUM | D9: 001 | E9: KRIPTOGRAFI / MISTERI | F9: SAM | G9: Tina Leoni | H9: Tangga Pustaka, Jakarta | I9: 978-979-083-086-6 | J9: 2013 | K9: viii + 284 hlm.; 20 cm | L9: 1 | M9: e 813 Enigma 2.jpg | N9: =D9 & CHAR(10) & LEFT(F9,3) & CHAR(10) & LOWER(LEFT(B9,1)) -> 001 SAM e
A10: 9 | B10: ENIGMA: MENGUAK FAKTA-FAKTA MISTERIUS PALING FENOMENAL DI DUNIA (JILID 1) | C10: 000 | KARYA UMUM | D10: 001 | E10: MISTERI / HOAKS DUNIA | F10: SAM | G10: Tina Leoni | H10: Tangga Pustaka, Jakarta | I10: 979-083-077-7 | J10: 2013 | K10: x + 286 hlm.; 20 cm | L10: 1 | M10: e 813 Enigma.jpg | N10: =D10 & CHAR(10) & LEFT(F10,3) & CHAR(10) & LOWER(LEFT(B10,1)) -> 001 SAM e
A11: 10 | B11: ERAGON (WARISAN: BUKU SATU) | C11: 800 | KESUSASTRAAN | D11: 813 | E11: NOVEL | F11: CHRISTOPHER PAOLINI / SENDRA B. TANUWIDJAYA | H11: PT Gramedia Pustaka Utama, Jakarta | I11: 978-979-22-0862-7 | J11: 2004 | K11: 568 hlm.; 23 cm | L11: 1 | M11: e 813 Eragon.jpg | N11: =D11 & CHAR(10) & LEFT(F11,3) & CHAR(10) & LOWER(LEFT(B11,1)) -> 813 CHR e
A12: 11 | B12: FUNICULI FUNICULA 2: KISAH-KISAH YANG BARU TERUNGKAP | C12: 800 | KESUSASTRAAN | D12: 813 | E12: NOVEL | F12: TOSHIKAZU KAWAGUCHI | H12: PT Gramedia Pustaka Utama, Jakarta | I12: 978-602-06-6384-5 | J12: 2022 | K12: 200 hlm.; 20 cm | L12: 1 | M12: e 813 funiculi funicula - Kisah-kisah yang baru terungkap.jpg | N12: =D12 & CHAR(10) & LEFT(F12,3) & CHAR(10) & LOWER(LEFT(B12,1)) -> 813 TOS f
A13: 12 | B13: FUNICULI FUNICULA : BEFORE THE COFFEE GETS COLD | C13: 800 | KESUSASTRAAN | D13: 813 | E13: NOVEL | F13: TOSHIKAZU KAWAGUCHI | H13: PT Gramedia Pustaka Utama, Jakarta | I13: 978-602-06-5194-1 | J13: 2021 | K13: 224 hal.; 20 cm | L13: 1 | M13: e 813 Funiculi Funicula Before the Coffee Gets Cold.jpg | N13: =D13 & CHAR(10) & LEFT(F13,3) & CHAR(10) & LOWER(LEFT(B13,1)) -> 813 TOS f
A14: 13 | B14: DONA DONA (FUNICULI FUNICULA #3) | C14: 800 | KESUSASTRAAN | D14: 813 | E14: NOVEL | F14: TOSHIKAZU KAWAGUCHI | H14: PT Gramedia Pustaka Utama, Jakarta | I14: 978-602-06-7172-7 | J14: 2023 | K14: 264 hlm.; 20 cm | L14: 1 | M14: e 813 Funiculi Funicula3 Dona Dona.jpg | N14: =D14 & CHAR(10) & LEFT(F14,3) & CHAR(10) & LOWER(LEFT(B14,1)) -> 813 TOS d
A15: 14 | B15: HARRY POTTER AND THE SORCERER'S STONE (HARRY POTTER #1) | C15: 800 | KESUSASTRAAN | D15: 813 | E15: NOVEL | F15: J. K. ROWLING | K15: 384 hlm.; 20 cm | L15: 1 | M15: e 813 Harry Potter and The Socrer's Stone.jpg | N15: =D15 & CHAR(10) & LEFT(F15,3) & CHAR(10) & LOWER(LEFT(B15,1)) -> 813 J. h
A16: 15 | B16: HARRY POTTER AND THE CHAMBER OF SECRETS (HARRY POTTER #2) | C16: 800 | KESUSASTRAAN | D16: 813 | E16: NOVEL | F16: J. K. ROWLING | K16: 424 hlm.; 20 cm | L16: 1 | M16: e 813 Harry Potter and the Chamber of Secrets.jpg | N16: =D16 & CHAR(10) & LEFT(F16,3) & CHAR(10) & LOWER(LEFT(B16,1)) -> 813 J. h
A17: 16 | B17: HARRY POTTER AND THE PRISONER OF AZKABAN (HARRY POTTER #3) | C17: 800 | KESUSASTRAAN | D17: 813 | E17: NOVEL | F17: J. K. ROWLING | K17: 544 hlm.; 20 cm | L17: 1 | M17: e 813 Harry Potter and the Prisoner of Azkaban.jpg | N17: =D17 & CHAR(10) & LEFT(F17,3) & CHAR(10) & LOWER(LEFT(B17,1)) -> 813 J. h
A18: 17 | B18: HARRY POTTER DAN ORDER PHOENIX (HARRY POTTER #5) | C18: 800 | KESUSASTRAAN | D18: 813 | E18: NOVEL | F18: J. K. ROWLING | K18: 1208 hlm.; 20 cm | L18: 1 | M18: e 813 Harry Potter and the Order of the Phoenix.jpg | N18: =D18 & CHAR(10) & LEFT(F18,3) & CHAR(10) & LOWER(LEFT(B18,1)) -> 813 J. h
A19: 18 | B19: HARRY POTTER AND THE DEATHLY HALLOWS (HARRY POTTER #7) | C19: 800 | KESUSASTRAAN | D19: 813 | E19: NOVEL | F19: J. K. ROWLING | K19: 992 hlm.; 20 cm | L19: 1 | M19: e 813 Harry Potter and the Deathly Hallows.jpg | N19: =D19 & CHAR(10) & LEFT(F19,3) & CHAR(10) & LOWER(LEFT(B19,1)) -> 813 J. h
A20: 19 | B20: HELLO, CELLO. | C20: 800 | KESUSASTRAAN | D20: 813 | E20: NOVEL | F20: NADIA RISTIVANI | G20: Dono Salim | H20: PT. Bukune Kreatif Cipta, Jakarta | I20: 978-602-22-0438-1 | J20: 2022 | K20: 432 hlm.; 13 x 19 cm | L20: 1 | M20: e 813 Hello, Cello by Nadia Ristivani.jpg | N20: =D20 & CHAR(10) & LEFT(F20,3) & CHAR(10) & LOWER(LEFT(B20,1)) -> 813 NAD h
A21: 20 | B21: JAKARTA SEBELUM PAGI | C21: 800 | KESUSASTRAAN | D21: 813 | E21: NOVEL | F21: ZIGGY ZEZSYAZEOVIENNAZABRIZKIE | H21: PT. Gramedia Widyasarana Indonesia, Jakarta | I21: 978-602-375-844-9 | J21: 2017 | K21: 280 hlm.; 20 cm | L21: 1 | M21: e 813 Jakarta sebelum pagi.jpg | N21: =D21 & CHAR(10) & LEFT(F21,3) & CHAR(10) & LOWER(LEFT(B21,1)) -> 813 ZIG j
A22: 21 | B22: JINGGA JENAKA | C22: 800 | KESUSASTRAAN | D22: 811 | E22: PUISI | F22: ANNISA RIZKIANA RAHMASARI | H22: Kepustakaan Populer Gramedia, Jakarta | I22: 978-602-481-110-5 | J22: 2019 | K22: ix + 118 hlm.; 11,5 x 17,5 cm | L22: 1 | M22: e 813 jingga jenaka.jpg | N22: =D22 & CHAR(10) & LEFT(F22,3) & CHAR(10) & LOWER(LEFT(B22,1)) -> 811 ANN j
A23: 22 | B23: SANG PUJAAN | C23: 800 | KESUSASTRAAN | D23: 813 | E23: NOVEL | F23: KAHLIL GIBRAN | H23: TUGU, Yogyakarta | J23: 2003 | K23: 149 hlm.; 14 x 20 cm | M23: e 813 kahlil gibran sang pujaan.jpg | N23: =D23 & CHAR(10) & LEFT(F23,3) & CHAR(10) & LOWER(LEFT(B23,1)) -> 813 KAH s
A24: 23 | B24: KEAJAIBAN TOKO KELONTONG NAMIYA | C24: 800 | KESUSASTRAAN | D24: 813 | E24: NOVEL | F24: KEIGO HIGASHINO / FAIRA AMALIA | G24: Pandam Kuntaswari | H24: PT Gramedia Pustaka Utama, Jakarta | I24: 978-602-06-4828-6 | J24: 2020 | K24: 400 hlm.; 20 cm | L24: 1 | M24: e 813 Keajaiban toko kelontong namiya.jpg | N24: =D24 & CHAR(10) & LEFT(F24,3) & CHAR(10) & LOWER(LEFT(B24,1)) -> 813 KEI k
A25: 24 | B25: KELUARGA TAK KASAT MATA | C25: 800 | KESUSASTRAAN | D25: 813 | E25: NOVEL | F25: BONAVENTURA GENTA | H25: GagasMedia, Jakarta | I25: 978-979-780-803-7 | J25: 2016 | K25: vi + 122 hlm.; 13 x 19 cm | L25: 1 | M25: e 813 Keluarga Tak Kasatmata.jpg | N25: =D25 & CHAR(10) & LEFT(F25,3) & CHAR(10) & LOWER(LEFT(B25,1)) -> 813 BON k
A26: 25 | B26: GUNDALA: PUTRA PETIR - ASAL-USUL | C26: 800 | KESUSASTRAAN | D26: 813 | E26: NOVEL GRAFIS | F26: HARYA SURAMINATA | G26: Rizqi R. Mosmarth & Aji Raditya | H26: m&c! / PT Gramedia Pustaka Utama, Jakarta | K26: 64 hlm.; 17 x 24,5 cm | L26: 1 | M26: e 813 Gundala Putera Petir.jpg | N26: =D26 & CHAR(10) & LEFT(F26,3) & CHAR(10) & LOWER(LEFT(B26,1)) -> 813 HAR g
A27: 26 | B27: AGATHA CHRISTIE'S THE BEST OF MISS MARPLE | C27: 800 | KESUSASTRAAN | D27: 813 | E27: NOVEL | F27: AGATHA CHRISTIE / BUDIJANTO T. PRAMONO | H27: PT Gramedia Pustaka Utama, Jakarta | I27: 978-602-065-053-1 | J27: 2021 | K27: 648 hlm.; 23 cm | L27: 1 | M27: e 813 The Best of Miss Marple.jpg | N27: =D27 & CHAR(10) & LEFT(F27,3) & CHAR(10) & LOWER(LEFT(B27,1)) -> 813 AGA a
A28: 27 | B28: MARPLE: TWELVE NEW STORIES | C28: 800 | KESUSASTRAAN | D28: 813 | E28: NOVEL | N28: =D28 & CHAR(10) & LEFT(F28,3) & CHAR(10) & LOWER(LEFT(B28,1)) -> 813 m
N29: =D29 & CHAR(10) & LEFT(F29,3) & CHAR(10) & LOWER(LEFT(B29,1))
N30: =D30 & CHAR(10) & LEFT(F30,3) & CHAR(10) & LOWER(LEFT(B30,1))
N31: =D31 & CHAR(10) & LEFT(F31,3) & CHAR(10) & LOWER(LEFT(B31,1))
N32: =D32 & CHAR(10) & LEFT(F32,3) & CHAR(10) & LOWER(LEFT(B32,1))
N33: =D33 & CHAR(10) & LEFT(F33,3) & CHAR(10) & LOWER(LEFT(B33,1))
N34: =D34 & CHAR(10) & LEFT(F34,3) & CHAR(10) & LOWER(LEFT(B34,1))
N35: =D35 & CHAR(10) & LEFT(F35,3) & CHAR(10) & LOWER(LEFT(B35,1))
N36: =D36 & CHAR(10) & LEFT(F36,3) & CHAR(10) & LOWER(LEFT(B36,1))
N37: =D37 & CHAR(10) & LEFT(F37,3) & CHAR(10) & LOWER(LEFT(B37,1))
N38: =D38 & CHAR(10) & LEFT(F38,3) & CHAR(10) & LOWER(LEFT(B38,1))
N39: =D39 & CHAR(10) & LEFT(F39,3) & CHAR(10) & LOWER(LEFT(B39,1))
N40: =D40 & CHAR(10) & LEFT(F40,3) & CHAR(10) & LOWER(LEFT(B40,1))
... N81: =D81 & CHAR(10) & LEFT(F81,3) & CHAR(10) & LOWER(LEFT(B81,1))
N82: =LEFT(D82,3) & CHAR(10) & LEFT(F82,3) & CHAR(10) & LOWER(LEFT(B82,1))
N83: =D83 & CHAR(10) & LEFT(F83,3) & CHAR(10) & LOWER(LEFT(B83,1))
N84: =D84 & CHAR(10) & LEFT(F84,3) & CHAR(10) & LOWER(LEFT(B84,1))
N85: =D85 & CHAR(10) & LEFT(F85,3) & CHAR(10) & LOWER(LEFT(B85,1))
N86: =D86 & CHAR(10) & LEFT(F86,3) & CHAR(10) & LOWER(LEFT(B86,1))
N87: =D87 & CHAR(10) & LEFT(F87,3) & CHAR(10) & LOWER(LEFT(B87,1))
N88: =D88 & CHAR(10) & LEFT(F88,3) & CHAR(10) & LOWER(LEFT(B88,1))
N89: =D89 & CHAR(10) & LEFT(F89,3) & CHAR(10) & LOWER(LEFT(B89,1))
N90: =D90 & CHAR(10) & LEFT(F90,3) & CHAR(10) & LOWER(LEFT(B90,1))
N91: =D91 & CHAR(10) & LEFT(F91,3) & CHAR(10) & LOWER(LEFT(B91,1))
N92: =D92 & CHAR(10) & LEFT(F92,3) & CHAR(10) & LOWER(LEFT(B92,1))
N93: =D93 & CHAR(10) & LEFT(F93,3) & CHAR(10) & LOWER(LEFT(B93,1))
N94: =D94 & CHAR(10) & LEFT(F94,3) & CHAR(10) & LOWER(LEFT(B94,1))
... N1737: =D1737 & CHAR(10) & LEFT(F1737,3) & CHAR(10) & LOWER(LEFT(B1737,1))

Sheet BUKU PAKET
A1: NO | B1: TANGGAL | C1: JUDUL BUKU | D1: KELAS | E1: KATEGORI | F1: KURIKULUM | G1: PENULIS | H1: EDITOR | I1: PENERBIT | J1: ISBN | K1: TAHUN | L1: JML HAL | M1: JML BUKU | N1: NOMOR INDUK | O1: GAMBAR
A2: 1 | B2: 44781 | C2: PENDIDIKAN PANCASILA DAN KEWARGANEGARAAN | KELAS VII | KEMDIKBUDRISTEK | KUMER | D2: VII | E2: BUKU PEGANGAN SISWA | F2: MERDEKA BELAJAR | G2: ZAIM UCHROWI RUSLINAWATI | H2: SUNAN HASAN | I2: KEMENDIKBUDRISTEK | J2: 978-602-244-312-4 | K2: 2021 | L2: 142 hlm.: 17,6 × 25 cm | M2: 256 | N2: 1 s/d 256 | O2: PPKN KELAS VII.jpg
A3: 2 | B3: 44781 | C3: BAHASA INDONESIA | KELAS VII | KEMDIKBUDRISTEK | KUMER | D3: VII | E3: BUKU PEGANGAN SISWA | F3: MERDEKA BELAJAR | G3: RAKHMA SUBARNA SOFIE DEWAYANI C. ERNI SETYOWATI | H3: TRI HARTINI | I3: KEMENDIKBUDRISTEK | J3: 978-602-244-298-1 | K3: 2021 | L3: 220 hlm. 17.6 x 25 cm | M3: 256 | N3: 1 s/d 256 | O3: BAHASA INDONESIA KELAS VII.png
A4: 3 | B4: 44781 | C4: MATEMATIKA | KELAS VII | KEMDIKBUDRISTEK | KUMER | D4: VII | E4: BUKU PEGANGAN SISWA | F4: MERDEKA BELAJAR | G4: TIM GAKKO TOSHO | H4: ZULKARDI, LAMBAS, YUDI SATRIA, FRISTALINA | I4: KEMENDIKBUDRISTEK | J4: 978-602-244-514-2 | K4: 2021 | L4: 314 hlm.: 18,2 x 25,7 cm | M4: 256 | N4: 1 s/d 256 | O4: MATEMATIKA KELAS VII.png
A5: 4 | B5: 44781 | C5: ILMU PENGETAHUAN ALAM | KELAS VII | KEMDIKBUDRISTEK | KUMER | D5: VII | E5: BUKU PEGANGAN SISWA | F5: MERDEKA BELAJAR | G5: VICTORIANI INABUY CECE SUTIA OKKY FAJAR TRI MARYANA BUDIYANTI DWI HARDANIE SRI HANDAYANI LESTARI | H5: ANDRI NURDIANSYAH LALA TANSAH | I5: KEMENDIKBUDRISTEK | J5: 978-602-244-383-4 | K5: 2021 | L5: 264 hlm.: 17,6 x 25 cm | M5: 256 | N5: 1 s/d 256 | O5: IPA KELAS VII.png
A6: 5 | B6: 44781 | C6: INFORMATIKA | KELAS VII | KEMDIKBUDRISTEK | KUMER | D6: VII | E6: BUKU PEGANGAN SISWA | F6: MERDEKA BELAJAR | G6: MARESHA CAROLINE WIJANTO, DKK. | H6: CECILIA ESTI NUGRAHENI, CHRISTINA TULALESSY | I6: KEMENDIKBUDRISTEK | J6: 978-602-244-427-5 | K6: 2021 | L6: 286 hlm.: 17,6 x 25 cm | M6: 194 | N6: 1 s/d 194 | O6: INFORMATIKA KELAS VII.jpg
A7: 6 | B7: 44789 | C7: ILMU PENGETAHUAN SOSIAL | KELAS VII | KEMDIKBUDRISTEK | KUMER | D7: VII | E7: BUKU PEGANGAN SISWA | F7: MERDEKA BELAJAR | G7: M. NURSA’BAN, SUPARDI, MOHAMMAD RIZKY SATRIA, SARI OKTAFIANA | H7: EKA WARDANA, HARTATI | I7: KEMENDIKBUDRISTEK | J7: 978-602-244-307-0 | K7: 2021 | L7: 286 hlm: 17,6 cm x 25 cm | M7: 256 | N7: 1 s/d 256 | O7: IPS KELAS VII.jpg
A8: 7 | B8: 44789 | C8: ENGLISH FOR NUSANTARA | KELAS VII | KEMDIKBUDRISTEK | KUMER | D8: VII | E8: BUKU PEGANGAN SISWA | F8: MERDEKA BELAJAR | G8: IKA LESTARI DAMAYANTI, DKK. | H8: KRISTINE ANN M. CAPA, MADE AYU UTAMI CHANDRA DEWINA | I8: KEMENDIKBUDRISTEK | J8: 978-602-244-884-6 | K8: 2022 | L8: 264 hlm.: 17,6 x 25 cm | M8: 256 | N8: 1 s/d 256 | O8: BAHASA INGGRIS KELAS VII.png
A9: 8 | B9: 44795 | C9: PENDIDIKAN AGAMA ISLAM DAN BUDI PEKERTI | KELAS VII | KEMDIKBUDRISTEK | KUMER | D9: VII | E9: BUKU PEGANGAN SISWA | F9: MERDEKA BELAJAR | G9: RUDI AHMAD SURYADI SUMIYATI | H9: ASEP ANDI RAHMAN | I9: KEMENDIKBUDRISTEK | J9: 978-602-244-433-6 | K9: 2021 | L9: 272 hlm.: 17,6 x 25 cm | M9: 256 | N9: 1 s/d 256 | O9: PAI KELAS VII.jpg
A10: 9 | B10: 44795 | C10: INFORMATIKA | KELAS VII | KEMDIKBUDRISTEK | KUMER | D10: VII | E10: BUKU PEGANGAN SISWA | F10: MERDEKA BELAJAR | G10: MARESHA CAROLINE WIJANTO, DKK. | H10: CECILIA ESTI NUGRAHENI, CHRISTINA TULALESSY | I10: KEMENDIKBUDRISTEK | J10: 978-602-244-427-5 | K10: 2021 | L10: 286 hlm.: 17,6 x 25 cm | M10: 62 | N10: 195 s/d 256 | O10: INFORMATIKA KELAS VII.jpg
A11: 10 | B11: 45069 | C11: MATEMATIKA | KELAS VIII | KEMDIKBUDRISTEK | KUMER | D11: VIII | E11: BUKU PEGANGAN SISWA | F11: MERDEKA BELAJAR | G11: TIM GAKKO TOSHO | H11: ULY AMALIA | I11: KEMENDIKBUDRISTEK | J11: 978-602-244-514-2 | K11: 2021 | L11: 262 hlm.: 21 × 29,7 cm | M11: 252 | N11: 1 s/d 252 | O11: MATEMATIKA KELAS VIII.png
A12: 11 | B12: 45069 | C12: ILMU PENGETAHUAN SOSIAL | KELAS VIII | KEMDIKBUDRISTEK | KUMER | D12: VIII | E12: BUKU PEGANGAN SISWA | F12: MERDEKA BELAJAR | G12: SUPARDI, DKK. | H12: EKA WARDANA, HARTATI | I12: KEMENDIKBUDRISTEK | J12: 978-602-244-468-8 | K12: 2021 | L12: 320 hlm: 17,6 cm x 25 cm | M12: 252 | N12: 1 s/d 252 | O12: IPS KELAS VIII.jpg
A13: 12 | B13: 45069 | C13: PENDIDIKAN AGAMA ISLAM DAN BUDI PEKERTI | KELAS VIII | KEMDIKBUDRISTEK | KUMER | D13: VIII | E13: BUKU PEGANGAN SISWA | F13: MERDEKA BELAJAR | G13: TATIK PUDJIANI, BAGUS MUSTAKIM | H13: KOKO KHOERUDIN | I13: KEMENDIKBUDRISTEK | J13: 978-602-244-433-6 | K13: 2021 | L13: 292 hlm. : 17,6 x 25 cm. | M13: 252 | N13: 1 s/d 252 | O13: PAI KELAS VIII.jpg
A14: 13 | B14: 45069 | C14: ENGLISH FOR NUSANTARA | KELAS VIII | KEMDIKBUDRISTEK | KUMER | D14: VIII | E14: BUKU PEGANGAN SISWA | F14: MERDEKA BELAJAR | G14: IKA LESTARI DAMAYANTI IYEN NURLAELAWATI MAHMUD LAYAN HUTASUHUT YUSNITA FEBRIANTI RAYMON RAHMADHANI GILANG ASRI DEVIANTY | H14: KRISTINE ANN MANREAL CAPA | I14: KEMENDIKBUDRISTEK | J14: 978-602-244-884-6 | K14: 2022 | L14: 312 hlm.: 17,6 x 25 cm | M14: 252 | N14: 1 s/d 252 | O14: BAHASA INGGRIS KELAS VIII.jpg
A15: 14 | B15: 45069 | C15: PJOK | KELAS VIII | MEDIA MANDIRI | KUMER | D15: VIII | E15: BUKU PEGANGAN SISWA | F15: MERDEKA BELAJAR | G15: TIM MEDIA MANDIRI | H15: TIM MEDIA MANDIRI | I15: MEDIA MANDIRI | K15: 2022 | L15: 192 hlm : 17,6 x 25 cm | M15: 252 | N15: 1 s/d 252 | O15: PJOK KELAS VIII.jpeg
A16: 15 | B16: 45069 | C16: SENI RUPA | KELAS VIII | MEDIA MANDIRI | KUMER | D16: VIII | E16: BUKU PEGANGAN SISWA | F16: MERDEKA BELAJAR | G16: TIM MEDIA MANDIRI | H16: TIM MEDIA MANDIRI | I16: MEDIA MANDIRI | J16: 978-623-09-0926-9 | K16: 2022 | L16: 118 hlm : 17,6 x 25 cm | M16: 138 | N16: 1 s/d 138 | O16: SENI RUPA KELAS VIII.webp
A17: 16 | B17: 45069 | C17: PANDUAN GURU - PENDIDIKAN KEWARGANEGARAAN | KELAS VIII | KEMDIKBUDRISTEK | KUMER | D17: VIII | E17: BUKU PEGANGAN GURU | F17: MERDEKA BELAJAR | I17: KEMENDIKBUDRISTEK | M17: 2 | N17: 1 s/d 2 | O17: PPKN PG KELAS VIII.jpg
A18: 17 | B18: 45069 | C18: PANDUAN GURU - BAHASA INDONESIA | KELAS VIII | KEMDIKBUDRISTEK | KUMER | D18: VIII | E18: BUKU PEGANGAN GURU | F18: MERDEKA BELAJAR | G18: MAYA LESTARI GUSFITRI, ELLY DELFIA | H18: CICILIA HENI LESTARI | I18: KEMENDIKBUDRISTEK | J18: 978-602-244-398-8 | K18: 2021 | L18: 214 hlm. 17.6 x 25 cm | M18: 2 | N18: 1 s/d 2 | O18: BAHASA INDONESIA PG KELAS VIII.png
A19: 18 | B19: 45069 | C19: PANDUAN GURU - MATEMATIKA | KELAS VIII | KEMDIKBUDRISTEK | KUMER | D19: VIII | E19: BUKU PEGANGAN GURU | F19: MERDEKA BELAJAR | G19: TIM GAKKO TOSHO | H19: ULY AMALIA | I19: KEMENDIKBUDRISTEK | J19: 978-602-244-516-6 | K19: 2021 | L19: 262 hlm.: 21 × 29,7 cm | M19: 2 | N19: 1 s/d 2 | O19: MATEMATIKA PG KELAS VIII.png
A20: 19 | B20: 45069 | C20: PANDUAN GURU - ILMU PENGETAHUAN ALAM | KELAS VIII | KEMDIKBUDRISTEK | KUMER | D20: VIII | E20: BUKU PEGANGAN GURU | F20: MERDEKA BELAJAR | G20: SRI HANDAYANI LESTARI, DKK. | H20: LALA TANSAH ANDRI NURDIANSYAH | I20: KEMENDIKBUDRISTEK | J20: 978-602-244-381-0 | K20: 2021 | L20: 198 hlm.: 17,6 × 25 cm | M20: 2 | N20: 1 s/d 2 | O20: IPA PG KELAS VIII.png
A21: 20 | B21: 45069 | C21: PANDUAN GURU - ILMU PENGETAHUAN SOSIAL | KELAS VIII | KEMDIKBUDRISTEK | KUMER | D21: VIII | E21: BUKU PEGANGAN GURU | F21: MERDEKA BELAJAR | G21: SUPARDI, DKK. | H21: EKA WARDANA, HARTATI | I21: KEMENDIKBUDRISTEK | J21: 978-602-244-326-1 | K21: 2021 | L21: 376 hlm: 17,6 cm x 25 cm | M21: 2 | N21: 1 S/d 2 | O21: IPS PG KELAS VIII.png
A22: 21 | B22: 45069 | C22: PANDUAN GURU - SENI RUPA | KELAS VIII | KEMDIKBUDRISTEK | KUMER | D22: VIII | E22: BUKU PEGANGAN GURU | F22: MERDEKA BELAJAR | G22: RASJOYO, AHMAD MUTOHAR | H22: MESRA | I22: KEMENDIKBUDRISTEK | J22: 978-602-244-621-7 | K22: 2021 | L22: 226 hlm.: 17,6 X 25 cm | M22: 2 | N22: 1 s/d 2 | O22: SENI RUPA PG KELAS VIII.png
A23: 22 | B23: 45069 | C23: PANDUAN GURU - SENI MUSIK | KELAS VIII | KEMDIKBUDRISTEK | KUMER | D23: VIII | E23: BUKU PEGANGAN GURU | F23: MERDEKA BELAJAR | G23: CAECILIA HARDIARINI, DKK | H23: SENI ASIATI | I23: KEMENDIKBUDRISTEK | J23: 978-602-244-603-3 | K23: 2021 | L23: 218 hlm., 17.6 x 25 cm | M23: 2 | N23: 1 s/d 2 | O23: SENI MUSIK PG KELAS VIII.png
A24: 23 | B24: 45069 | C24: PANDUAN GURU - SENI TARI | KELAS VIII | KEMDIKBUDRISTEK | KUMER | D24: VIII | E24: BUKU PEGANGAN GURU | F24: MERDEKA BELAJAR | G24: FITRI DARYANTI, WIDA RAHAYUNINGTYAS | H24: EKA SOFIA AGUSTINA | I24: KEMENDIKBUDRISTEK | J24: 978-602-244-723-8 | K24: 2021 | L24: 252 hlm: 17,6 × 25 cm | M24: 2 | N24: 1 s/d 2 | O24: SENI TARI PG KELAS VIII.png
A25: 24 | B25: 45069 | C25: PANDUAN GURU - PENDIDIKAN JASMANI, OLAHRAGA, DAN KESEHATAN | KELAS VIII | KEMDIKBUDRISTEK | KUMER | D25: VIII | E25: BUKU PEGANGAN GURU | F25: MERDEKA BELAJAR | G25: MUHAJIR, AGUS GUNAWAN | H25: IDA NURHAIDA | I25: KEMENDIKBUDRISTEK | J25: 978-602-244-302-5 | K25: 2021 | L25: 266 hlm.: 17,6 × 25 cm | M25: 2 | N25: 1 s/d 2 | O25: PJOK PG KELAS VIII.png
A26: 25 | B26: 45069 | C26: PANDUAN GURU - PENDIDIKAN AGAMA DAN BUDI PEKERTI | KELAS VIII | KEMDIKBUDRISTEK | KUMER | D26: VIII | E26: BUKU PEGANGAN GURU | F26: MERDEKA BELAJAR | G26: TATIK PUDJIANI, BAGUS MUSTAKIM | H26: KOKO KHOERUDIN | I26: KEMENDIKBUDRISTEK | J26: 978-602-244-437-4 | K26: 2021 | L26: 188 hlm.: 17,6 x 25 cm | M26: 2 | N26: 1 s/d 2 | O26: PAI PG KELAS VIII.png
A27: 26 | B27: 45069 | C27: PANDUAN GURU - ENGLISH FOR NUSANTARA | KELAS VIII | KEMDIKBUDRISTEK | KUMER | D27: VIII | E27: BUKU PEGANGAN GURU | F27: MERDEKA BELAJAR | G27: IKA LESTARI DAMAYANTI, DKK. | H27: MADE AYU UTAMI CHANDRA DEWINA | I27: KEMENDIKBUDRISTEK | J27: 978-602-244-886-0 | K27: 2022 | L27: 422 hlm.: 17,6 x 25 cm. | M27: 2 | N27: 1 s/d 2 | O27: BAHASA INGGRIS PG KELAS VIII.png
A28: 27 | B28: 45070 | C28: GAPURA BASA | KELAS VII | GEGER SUNTEN | KUMER | D28: VII | E28: BUKU PENDAMPING | F28: MERDEKA BELAJAR | G28: Drs. TATANG SUMARSONO Drs. TAUFIK FATUROHMAN | I28: CV GEGER SUNTEN | J28: 978-623-7728-50-4 | K28: 2022 | L28: 152 hlm: 17,6 x 25 cm | M28: 96 | O28: GAPURA BASA KELAS VII.jpg
A29: 28 | B29: 45070 | C29: GAPURA BASA | KELAS VIII | GEGER SUNTEN | KUMER | D29: VIII | E29: BUKU PENDAMPING | F29: MERDEKA BELAJAR | G29: Drs. TATANG SUMARSONO Drs. TAUFIK FATUROHMAN | I29: CV GEGER SUNTEN | J29: 978-623-7728-49-8 | K29: 2022 | L29: 152 hlm: 17,6 x 25 cm | M29: 96 | O29: GAPURA BASA KELAS VIII.jpg
A30: 29 | B30: 45077 | C30: BAHASA INDONESIA | KELAS VIII | KEMDIKBUDRISTEK | KUMER | D30: VIII | E30: BUKU PEGANGAN SISWA | F30: MERDEKA BELAJAR | G30: MAYA LESTARI GUSFITRI, ELLY DELFIA | H30: CICILIA HENI LESTARI | I30: KEMENDIKBUDRISTEK | J30: 978-602-244-622-4 | K30: 2021 | L30: 204 hlm 17,6 x 25 cm | M30: 252 | N30: 1 s/d 252 | O30: BAHASA INDONESIA KELAS VIII.png
A31: 30 | B31: 45077 | C31: ILMU PENGETAHUAN ALAM | KELAS VIII | KEMDIKBUDRISTEK | KUMER | D31: VIII | E31: BUKU PEGANGAN SISWA | F31: MERDEKA BELAJAR | G31: OKKY FAJAR TRI MARYANA, VICTORIANI INABUY, CECE SUTIA, BUDIYANTI DWI HARDANIE, SRI HANDAYANI LESTARI | H31: LALA TANSAH, ANDRI NURDIANSYAH | I31: KEMENDIKBUDRISTEK | J31: 978-602-244-794-8 | K31: 2021 | L31: 234 hlm,17,6 x 25 cm | M31: 252 | N31: 1 s/d 252 | O31: IPA KELAS VIII.webp
A32: 31 | B32: 45077 | C32: PENDIDIKAN PANCASILA DAN KEWARGANEGARAAN | KELAS VIII | KEMDIKBUDRISTEK | KUMER | D32: VIII | E32: BUKU PEGANGAN SISWA | F32: MERDEKA BELAJAR | G32: MUHAMMAD SAPEI, TREZADIGJAYA, PRAYOGO | H32: YOCTA NUR RAHMAN | I32: KEMENDIKBUDRISTEK | J32: 978-602-244-312-4 | K32: 2022 | L32: 156 hlm, 17,6 x 25 cm | M32: 252 | N32: 1 s/d 252 | O32: PKN KELAS VIII.jpg
A33: 32 | B33: 45132 | C33: MATEMATIKA | KELAS VII | KEMDIKBUDRISTEK | KUMER | D33: VII | E33: BUKU PEGANGAN SISWA | F33: MERDEKA BELAJAR | G33: TIM GAKKO TOSHO | H33: ZULKARDI, LAMBAS, YUDI SATRIA, FRISTALINA | I33: KEMENDIKBUDRISTEK | J33: 978-602-244-514-2 | K33: 2021 | L33: 314 hlm.: 18,2 x 25,7 cm | M33: 30 | N33: 257 s/d 286 | O33: MATEMATIKA KELAS VII.png
A34: 33 | B34: 45132 | C34: BAHASA INDONESIA | KELAS VII | KEMDIKBUDRISTEK | KUMER | D34: VII | E34: BUKU PEGANGAN SISWA | F34: MERDEKA BELAJAR | G34: RAKHMA SUBARNA SOFIE DEWAYANI C. ERNI SETYOWATI | H34: TRI HARTINI | I34: KEMENDIKBUDRISTEK | J34: 978-602-244-298-1 | K34: 2021 | L34: 220 hlm. 17.6 x 25 cm | M34: 30 | N34: 257 s/d 286 | O34: BAHASA INDONESIA KELAS VII.png
A35: 34 | B35: 45132 | C35: ENGLISH FOR NUSANTARA | KELAS VII | KEMDIKBUDRISTEK | KUMER | D35: VII | E35: BUKU PEGANGAN SISWA | F35: MERDEKA BELAJAR | G35: IKA LESTARI DAMAYANTI, DKK. | H35: KRISTINE ANN M. CAPA, MADE AYU UTAMI CHANDRA DEWINA | I35: KEMENDIKBUDRISTEK | J35: 978-602-244-884-6 | K35: 2022 | L35: 264 hlm.: 17,6 x 25 cm | M35: 30 | N35: 257 s/d 286 | O35: BAHASA INGGRIS KELAS VII.png
A36: 35 | B36: 45132 | C36: ILMU PENGETAHUAN ALAM | KELAS VII | KEMDIKBUDRISTEK | KUMER | D36: VII | E36: BUKU PEGANGAN SISWA | F36: MERDEKA BELAJAR | G36: VICTORIANI INABUY CECE SUTIA OKKY FAJAR TRI MARYANA BUDIYANTI DWI HARDANIE SRI HANDAYANI LESTARI | H36: ANDRI NURDIANSYAH LALA TANSAH | I36: KEMENDIKBUDRISTEK | J36: 978-602-244-383-4 | K36: 2021 | L36: 264 hlm.: 17,6 x 25 cm | M36: 30 | N36: 257 s/d 286 | O36: IPA KELAS VII.png
A37: 36 | B37: 45132 | C37: PENDIDIKAN PANCASILA DAN KEWARGANEGARAAN | KELAS VII | KEMDIKBUDRISTEK | KUMER | D37: VII | E37: BUKU PEGANGAN SISWA | F37: MERDEKA BELAJAR | G37: ZAIM UCHROWI RUSLINAWATI | H37: SUNAN HASAN | I37: KEMENDIKBUDRISTEK | J37: 978-602-244-312-4 | K37: 2021 | L37: 142 hlm.: 17,6 × 25 cm | M37: 30 | N37: 257 s/d 286 | O37: PPKN KELAS VII.jpg
A38: 37 | B38: 45132 | C38: ILMU PENGETAHUAN SOSIAL | KELAS VII | KEMDIKBUDRISTEK | KUMER | D38: VII | E38: BUKU PEGANGAN SISWA | F38: MERDEKA BELAJAR | G38: M. NURSA’BAN, SUPARDI, MOHAMMAD RIZKY SATRIA, SARI OKTAFIANA | H38: EKA WARDANA, HARTATI | I38: KEMENDIKBUDRISTEK | J38: 978-602-244-307-0 | K38: 2021 | L38: 286 hlm: 17,6 cm x 25 cm | M38: 30 | N38: 257 s/d 286 | O38: IPS KELAS VII.jpg
A39: 38 | B39: 45132 | C39: PENDIDIKAN AGAMA ISLAM DAN BUDI PEKERTI | KELAS VII | KEMDIKBUDRISTEK | KUMER | D39: VII | E39: BUKU PEGANGAN SISWA | F39: MERDEKA BELAJAR | G39: RUDI AHMAD SURYADI SUMIYATI | H39: ASEP ANDI RAHMAN | I39: KEMENDIKBUDRISTEK | J39: 978-602-244-433-6 | K39: 2021 | L39: 272 hlm.: 17,6 x 25 cm | M39: 30 | N39: 257 s/d 286 | O39: PAI KELAS VII.jpg
A40: 39 | B40: 45135 | C40: INFORMATIKA | KELAS VII | KEMDIKBUDRISTEK | KUMER | D40: VII | E40: BUKU PEGANGAN SISWA | F40: MERDEKA BELAJAR | G40: MARESHA CAROLINE WIJANTO, DKK. | H40: CECILIA ESTI NUGRAHENI, CHRISTINA TULALESSY | I40: KEMENDIKBUDRISTEK | J40: 978-602-244-427-5 | K40: 2021 | L40: 286 hlm.: 17,6 x 25 cm | M40: 2 | N40: 257 s/d 258 | O40: INFORMATIKA KELAS VII.jpg
A41: 40 | B41: 45135 | C41: ENGLISH FOR NUSANTARA | KELAS VII | KEMDIKBUDRISTEK | KUMER | D41: VII | E41: BUKU PEGANGAN SISWA | F41: MERDEKA BELAJAR | G41: IKA LESTARI DAMAYANTI, DKK. | H41: KRISTINE ANN M. CAPA, MADE AYU UTAMI CHANDRA DEWINA | I41: KEMENDIKBUDRISTEK | J41: 978-602-244-884-6 | K41: 2022 | L41: 264 hlm.: 17,6 x 25 cm | M41: 2 | N41: 287 s/d 288 | O41: BAHASA INGGRIS KELAS VII.png
... A50: 49 | B50: 45156 | C50: PRAKARYA KERAJINAN | KELAS VII | GOS | KUMER | D50: VII | E50: BUKU PEGANGAN SISWA | F50: MERDEKA BELAJAR | G50: SHALSABILLA LAKSMITANINGTYAS, S.Pd | H50: DOMINICO DANANG SANDI P, S.S | I50: PT. GLOBAL OFFSET SEJAHTERA | J50: 978-623-8327-60-7 | K50: 2023 | L50: 156 hlm : 17,6 x 25 cm | M50: 288 | N50: 1 s/d 288 | O50: PRAKARYA KELAS VII.png
A51: 50 | B51: 45166 | C51: PENDIDIKAN AGAMA DAN BUDI PEKERTI | KELAS VII ERLANGGA | KUMER | D51: VII | E51: BUKU PENDAMPING | F51: MERDEKA BELAJAR | G51: NASIKIN, SYAEKUDIN, MUSHONEF, PARJONO | H51: M. FAQIH ALIM, S. HUM | I51: ERLANGGA | J51: 978-623-266-650-4 | K51: 2022 | L51: 236 hlm : 17,6 x 25 cm | M51: 20 | O51: PAI ERLANGGA KELAS VII.png
A52: 51 | B52: 45166 | C52: PENDIDIKAN PANCASILA | KELAS VII | ERLANGGA | KUMER | D52: VII | E52: BUKU PENDAMPING | F52: MERDEKA BELAJAR | G52: SATAR, HARYO T | H52: ARNOLD Y. RUNESI, S. FIL, MAYA YULIANTI, S. IP, ROY SITEPU, M.M. | I52: ERLANGGA | J52: 978-623-266-599-6 | K52: 2021 | L52: 180 hlm : 17,6 x 25 cm | M52: 20 | O52: PKN ERLANGGA KELAS VII.png
A53: 52 | B53: 45166 | C53: MARBI - MAHIR BERBAHASA INDONESIA | KELAS VII | ERLANGGA | KUMER | D53: VII | E53: BUKU PENDAMPING | F53: MERDEKA BELAJAR | G53: TIM EDUKATIF, WAHONO, M.Pd, SAWALI, M.Pd | H53: MUHAMMAD BAIHAQI, S.S. | I53: ERLANGGA | J53: 978-623-266-597-2 | K53: 2021 | L53: 255 hlm : 17,6 x 25 cm | M53: 20 | O53: BAHASA INDONESIA ERLANGGA KELAS VII.jpg
A54: 53 | B54: 45166 | C54: ILMU PENGETAHUAN SOSIAL | KELAS VII | ERLANGGA | KUMER | D54: VII | E54: BUKU PENDAMPING | F54: MERDEKA BELAJAR | G54: N. SUPARNO, T.D. HARYONO | H54: MAYA YULIANTI, S. IP., ROY SITEPU, M. M. | I54: ERLANGGA | J54: 978-623-622-601-6 | K54: 2021 | L54: 294 hlm : 17,6 x 25 cm | M54: 20 | O54: IPS ERLANGGA KELAS VII.png
A55: 54 | B55: 45166 | C55: ILMU PENGETAHUAN ALAM | KELAS VII | ERLANGGA | KUMER | D55: VII | E55: BUKU PENDAMPING | F55: MERDEKA BELAJAR | G55: TIM ABDI GURU | H55: HANI TRIFANI, S. Si. | I55: ERLANGGA | J55: 978-623-266-685-6 | K55: 2021 | L55: 388 hlm : 17,6 x 25 cm | M55: 20 | O55: IPA ERLANGGA KELAS VII.png
A56: 55 | B56: 45166 | C56: BRIGHT AN ENGLISH | KELAS VII | ERLANGGA | KUMER | D56: VII | E56: BUKU PENDAMPING | F56: MERDEKA BELAJAR | G56: NUR ZAIDA | H56: R. INTAN AL BALUNI DWI WAHYU P | I56: ERLANGGA | J56: 978-623-266-625-2 | K56: 2022 | L56: 158 hlm : 17,6 x 25 cm | M56: 20 | O56: BAHASA INGGRIS ERLANGGA KELAS VII.jpg
A57: 56 | B57: 45166 | C57: MATEMATIKA | KELAS VII | ERLANGGA | KUMER | D57: VII | E57: BUKU PENDAMPING | F57: MERDEKA BELAJAR | G57: WONO SETYA BUDHI, dkk | H57: TARYO, S.Si | I57: ERLANGGA | J57: 978-623-266-607-8 | K57: 2022 | L57: 398 hlm : 17,6 x 25 cm | M57: 20 | O57: MATEMATIKA ERLANGGA KELAS VII.png
A58: 57 | B58: 45166 | C58: PJOK - PENDIDIKAN JASMANI OLAHRAGA DAN KESEHATAN | KELAS VII | ERLANGGA | KUMER | D58: VII | E58: BUKU PENDAMPING | F58: MERDEKA BELAJAR | G58: MASRI'AN, dkk | H58: HADIYANSYAH | I58: ERLANGGA | J58: 978-623-266-603-0 | K58: 2021 | L58: 283 hlm : 17,6 x 25 cm | M58: 20 | O58: PJOK ERLANGGA KELAS VII.png
A59: 58 | B59: 45166 | C59: INFORMATIKA | KELAS VII | ERLANGGA | KUMER | D59: VII | E59: BUKU PENDAMPING | F59: MERDEKA BELAJAR | G59: HENRY PANDIA | H59: GANENDRAJATI W, M.Si, SUPRIYANA, S.Si., M.Pd | I59: ERLANGGA | J59: 978-623-266-656-6 | K59: 2021 | L59: 310 hlm : 17,6 x 25 cm | M59: 20 | O59: INFORMATIKA ERLANGGA KELAS VII.png
A60: 59 | B60: 45169 | C60: ERLANGGA FOKUS AKM SMP/MTs | E60: BUKU PENDAMPING | F60: MERDEKA BELAJAR | G60: TIM ERLANGGA FOKUS AKM | I60: ERLANGGA | K60: 2020 | M60: 1 | O60: FOKUS AKM ERLANGGA KELAS VIII.jpg
A61: 60 | B61: 45169 | C61: ERLANGGA X-PRESS AKM (LITERASI MEMBACA) SMP/MTs | E61: BUKU PENDAMPING | F61: MERDEKA BELAJAR | G61: ERNIKA SONDANG, PUJI KURNIAWAN, SOLEH AMIN | I61: ERLANGGA | K61: 2021 | M61: 8 | O61: EXPRESS AKM LITERASI MEMBACA.jpg
A62: 61 | B62: 45169 | C62: ERLANGGA X-PRESS AKM (NUMERASI) SMP/MTs | E62: BUKU PENDAMPING | F62: MERDEKA BELAJAR | G62: MIFTAHUDIN, KHUSNUL KHOTIMAH | I62: ERLANGGA | K62: 2021 | M62: 8 | O62: EXPRESS AKM NUMERASI.jpg
A63: 62 | B63: 45169 | C63: BIDIK P5 (BANGUNLAH JIWA & RAGANYA) | KELAS VII | D63: VII | E63: BUKU PENDAMPING | F63: MERDEKA BELAJAR | G63: ERNIKA SONDANG | I63: ERLANGGA | K63: 2023 | M63: 7 | O63: BIDIK P5 BANGUNLAH JIWA DAN RAGANYA.jpg
A64: 63 | B64: 45169 | C64: BIDIK P5 (KEWIRAUSAHAAN) | KELAS VIII | D64: VIII | E64: BUKU PENDAMPING | F64: MERDEKA BELAJAR | G64: ERNIKA SONDANG | I64: ERLANGGA | K64: 2023 | M64: 7 | O64: BIDIK P5 KEWIRAUSAHAAN KELAS VIII.jpg
A65: 64 | B65: 45169 | C65: BIDIK P5 (KEARIFAN LOKAL) | KELAS VII | D65: VII | E65: BUKU PENDAMPING | F65: MERDEKA BELAJAR | G65: ERNIKA SONDANG | I65: ERLANGGA | K65: 2023 | M65: 7 | O65: BIDIK P5 KEARIFAN LOKAL KELAS VII.jpg
A66: 65 | B66: 45169 | C66: BIDIK P5 (BHINNEKA TUNGGAL IKA) | KELAS VII | D66: VII | E66: BUKU PENDAMPING | F66: MERDEKA BELAJAR | G66: ERNIKA SONDANG | I66: ERLANGGA | K66: 2023 | M66: 8 | O66: BIDIK P5 BHINEKA TUNGGAL IKA KELAS VII.jpg
A67: 66 | B67: 45169 | C67: BIDIK P5 (GAYA HIDUP BERKELANJUTAN) | KELAS VII | D67: VII | E67: BUKU PENDAMPING | F67: MERDEKA BELAJAR | G67: ERNIKA SONDANG | I67: ERLANGGA | K67: 2023 | M67: 7 | O67: BIDIK P5 GAYA HIDUP BERKELANJUTAN KELAS VII.jpg
A68: 67 | B68: 45169 | C68: BIDIK P5 (SUARA DEMOKRASI) | KELAS VIII | D68: VIII | E68: BUKU PENDAMPING | F68: MERDEKA BELAJAR | G68: ERNIKA SONDANG | I68: ERLANGGA | K68: 2023 | M68: 7 | O68: BIDIK P5 SUARA DEMOKRASI KELAS VIII.jpg
A69: 68 | B69: 45345 | C69: MATEMATIKA | KELAS IX | KEMENDIKBUDRISTEK | KUMER | D69: IX | E69: BUKU SISWA | F69: MERDEKA BELAJAR | G69: YOSEP DWI KRISTANTO, MUHAMMAD TAQIYUDDIN, ELYDA YULFIANA, INDRA RUKMANA | H69: WAHYU SETYANINGRUM | I69: KEMENDIKBUDRISTEK | J69: 978-602-427-918-9 | K69: 2022 | L69: 320 hlm; 17,6 × 25 cm | M69: 251 | N69: 1 s/d 251 | O69: MATEMATIKA KELAS IX.png
A70: 69 | B70: 45345 | C70: ILMU PENGETAHUAN SOSIAL | KELAS IX | KEMENDIKBUDRISTEK | KUMER | D70: IX | E70: BUKU SISWA | F70: MERDEKA BELAJAR | G70: MOHAMMAD RIZKY SATRIA, SARI OKTAFIANA, M. NURSA’BAN, SUPARDI | H70: EKA WARDANA, HARTAT | I70: KEMENDIKBUDRISTEK | J70: 978-602-244-469-5 | K70: 2022 | L70: 288 hlm.: 17,6 cm x 25 cm | M70: 251 | N70: 1 s/d 251 | O70: IPS KELAS IX.png
A71: 70 | B71: 45345 | C71: PENDIDIKAN AGAMA ISLAM DAN BUDI PEKERTI | KELAS IX | D71: IX | E71: BUKU SISWA | F71: MERDEKA BELAJAR | G71: IIS SURYATINI, HASYIM ASY’ARI | H71: MIFTAHUL FIKRI | I71: KEMENDIKBUDRISTEK | J71: 978-602-244-679-8 | K71: 2022 | L71: 290 hlm.: 17,6 x 25 cm | M71: 251 | N71: 1 s/d 251 | O71: PAI KELAS IX.png
A72: 71 | B72: 45349 | C72: PENDIDIKAN PANCASILA DAN KEWARGANEGARAAN | KELAS VIII | KEMDIKBUDRISTEK | KUMER | D72: VIII | E72: BUKU PEGANGAN SISWA | F72: MERDEKA BELAJAR | G72: MUHAMMAD SAPEI, TREZADIGJAYA, PRAYOGO | H72: YOCTA NUR RAHMAN | I72: KEMENDIKBUDRISTEK | J72: 978-602-244-312-4 | K72: 2022 | L72: 156 hlm, 17,6 x 25 cm | M72: 1 | N72: 253 | O72: PKN KELAS VIII.jpg
A73: 72 | B73: 45350 | C73: ILMU PENGETAHUAN ALAM | KELAS VIII | KEMDIKBUDRISTEK | KUMER | D73: VIII | E73: BUKU PEGANGAN SISWA | F73: MERDEKA BELAJAR | G73: OKKY FAJAR TRI MARYANA, VICTORIANI INABUY, CECE SUTIA, BUDIYANTI DWI HARDANIE, SRI HANDAYANI LESTARI | H73: LALA TANSAH, ANDRI NURDIANSYAH | I73: KEMENDIKBUDRISTEK | J73: 978-602-244-794-8 | K73: 2021 | L73: 234 hlm,17,6 x 25 cm | M73: 1 | N73: 253 | O73: IPA KELAS VIII.webp
A74: 73 | B74: 45369 | C74: ENGLISH FOR NUSANTARA | KELAS IX | KEMENDIKBUDRISTEK | KUMER | D74: IX | E74: BUKU PEGANGAN SISWA | F74: MERDEKA BELAJAR | G74: IKA LESTARI DAMAYANTI YUSNITA FEBRIANTI PIPIT PRIHARTANTI SUHARTO IYEN NURLAELAWATI AJI JEHAN FELLANI HENDRA | H74: KRISTINE ANN MANREAL CAPA | I74: KEMENDIKBUDRISTEK | J74: 978-602-244-884-6 | K74: 2022 | L74: 368 hlm. 17,6 x 25 cm. | M74: 251 | N74: 1 s/d 251 | O74: BAHASA INGGRIS KELAS IX.png
A75: 74 | B75: 45369 | C75: INFORMATIKA | KELAS IX | KEMENDIKBUDRISTEK | KUMER | D75: IX | E75: BUKU PEGANGAN SISWA | F75: MERDEKA BELAJAR | G75: HANSON PRIHANTORO PUTRO, DKK. | H75: CHRISTINA TULALESSY | I75: KEMENDIKBUDRISTEK | J75: 978-602-244-427-5 | K75: 2022 | L75: 304 hlm 17,6 x 25 cm. | M75: 251 | N75: 1 s/d 251 | O75: INFORMATIKA KELAS IX.png
A76: 75 | B76: 45434 | C76: PENDIDIKAN PANCASILA | KELAS IX | KEMENDIKBUDRISTEK | KUMER | D76: IX | E76: BUKU PEGANGAN SISWA | F76: MERDEKA BELAJAR | G76: YUDHA DANA PRAHARA, KHOIRIYANINGSIH, ANGGI AFRIANSYAH | H76: IMTAM RUS ERNAWATI | I76: KEMENDIKBUDRISTEK | J76: 978-623-194-598-3 | K76: 2023 | L76: 202 hlm 17,6 x 25 cm | M76: 251 | N76: 1 s/d 251 | O76: PKN KELAS IX.png
A77: 76 | B77: 45434 | C77: BAHASA INDONESIA | KELAS IX | KEMENDIKBUDRISTEK | KUMER | D77: IX | E77: BUKU PEGANGAN SISWA | F77: MERDEKA BELAJAR | G77: EVA Y. NUKMAN, ANNA FARIDA KURNIASARI, HELVA NURHIDAYAH | H77: HERRY PRASETYO | I77: KEMENDIKBUDRISTEK | J77: 978-602-244-636-1 | K77: 2022 | L77: 194 hlm 17,6 x 25 cm | M77: 251 | N77: 1 s/d 251 | O77: BAHASA INDONESIA KELAS IX.png
A78: 77 | B78: 45434 | C78: ILMU PENGETAHUAN ALAM | KELAS IX | KEMENDIKBUDRISTEK | KUMER | D78: IX | E78: BUKU PEGANGAN SISWA | F78: MERDEKA BELAJAR | G78: CECE SUTIA, VICTORIANI INABUY, OKKY FAJAR TRI MARYANA, BUDIYANTI DWI HARDANIE, SRI HANDAYANI LESTARI | H78: LALA TANSAH, ANDRI NURDIANSYAH | I78: KEMENDIKBUDRISTEK | J78: 978-602-244-787-0 | K78: 2022 | L78: 202 hlm 17,6 x 25 cm | M78: 251 | N78: 1 s/d 251 | O78: IPA KELAS IX.png
A79: 78 | B79: 45434 | C79: PENDIDIKAN JASMANI, OLAHRAGA DAN KESEHATAN | KELAS IX | KUMER | D79: IX | E79: BUKU PEGANGAN SISWA | F79: MERDEKA BELAJAR | G79: ARDES WIDIYANTO, S.Pd | H79: DOMINICO DANANG SANDI P, S.S | I79: PT. GLOBAL OFFSET SEJAHTERA | J79: 978-623-843-203-5 | K79: 2023 | L79: 156 hlm 17,6 x 25 cm | M79: 251 | N79: 1 s/d 251 | O79: PJOK KELAS IX.jpg
A80: 79 | B80: 45434 | C80: PRAKARYA PENGOLAHAN | KELAS IX | KUMER | D80: IX | E80: BUKU PEGANGAN SISWA | F80: MERDEKA BELAJAR | G80: ABAS ASUSILA, S.Sn | H80: BRIGITTA GANGGA TRIBUANA, S.S | I80: PT. GLOBAL OFFSET SEJAHTERA | J80: 978-623-843-230-1 | K80: 2024 | L80: 156 hlm 17,6 x 25 cm | M80: 251 | N80: 1 s/d 251 | O80: PRAKARYA KELAS IX.jpg
A81: 80 | B81: 45434 | C81: SENI MUSIK | KELAS IX | KUMER | D81: IX | E81: BUKU PEGANGAN SISWA | F81: MERDEKA BELAJAR | G81: KHOIRUN NISA'S.Pd | H81: DOMINICO DANANG SANDI P, S.S | I81: PT. GLOBAL OFFSET SEJAHTERA | J81: 978-623-843-205-9 | K81: 2023 | L81: 156 hlm 17,6 x 25 cm | M81: 251 | N81: 1 s/d 251 | O81: SENI MUSIK KELAS IX.jpg
A82: 81 | B82: 45447 | C82: BUKU PANDUAN GURU | ENGLISH FOR NUSANTARA | KELAS IX | KUMER | D82: IX | E82: BUKU PEGANGAN GURU | F82: MERDEKA BELAJAR | G82: IKA LESTARI DAMAYANTI YUSNITA FEBRIANTI PIPIT PRIHARTANTI SUHARTO IYEN NURLAELAWATI AJI JEHAN FELLANI HENDRA | H82: KRISTINE ANN MANREAL CAPA | I82: KEMENDIKBUDRISTEK | J82: 978-602-427-943-1 | K82: 2022 | L82: 414 hlm 17,6 x 25 cm | M82: 2 | N82: 1 s/d 2 | O82: BAHASA INGGRIS PG KELAS IX.png
A83: 82 | B83: 45447 | C83: BUKU PANDUAN GURU | SENI MUSIK | KELAS IX | KUMER | D83: IX | E83: BUKU PEGANGAN GURU | F83: MERDEKA BELAJAR | G83: DANI NUR SAPUTRA, INDRA KUSUMA WARDANI | H83: ETSA PURBARANI | I83: KEMENDIKBUDRISTEK | J83: 978-602-244-600-2 | K83: 2022 | L83: 218 hlm 17,6 x 25 cm | M83: 2 | N83: 1 s/d 2 | O83: SENI MUSIK PG KELAS IX.png
A84: 83 | B84: 45447 | C84: BUKU PANDUAN GURU | PENDIDIKAN JASMANI, OLAHRAGA, DAN KESEHATAN | KELAS IX | KUMER | D84: IX | E84: PUKU PEGANGAN GURU | F84: MERDEKA BELAJAR | G84: SUGITO ADI WARSITO, IBNU SUSILO | H84: RAHMAH PURWAHIDA | I84: KEMENDIKBUDRISTEK | J84: 978-602-244-576-0 | K84: 2022 | L84: 298 hlm 17,6 x 25 cm | M84: 2 | N84: 1 s/d 2 | O84: PJOK PG KELAS IX.png
A85: 84 | B85: 45447 | C85: BUKU PANDUAN GURU | PENDIDIKAN AGAMA ISLAM DAN BUDI PEKERTI | KELAS IX | KUMER | D85: IX | E85: BUKU PEGANGAN GURU | F85: MERDEKA BELAJAR | G85: IIS SURYATINI, HASYIM ASY’ARI | H85: MIFTAHUL FIKRI | I85: KEMENDIKBUDRISTEK | J85: 978-602-244-680-4 | K85: 2022 | L85: 174 hlm 17,6 x 25 cm | M85: 2 | N85: 1 s/d 2 | O85: PAI PG KELAS IX.png
... A92: 91 | B92: 45464 | C92: BUKU PANDUAN GURU | PRAKARYA : PENGOLAHAN | KELAS IX | KUMER | D92: IX | E92: BUKU PEGANGAN GURU | F92: MERDEKA BELAJAR | G92: YENI YULIANTI, GINNY GINANJAR MUSTOFA, VINA DWIYANTI | H92: CHRISTINA TULALESSY | I92: KEMENDIKBUDRISTEK | J92: 978-602-427-951-6 | K92: 2022 | L92: 224 hlm 17,6 x 25 cm | M92: 2 | N92: 1 s/d 2 | O92: PRAKARYA PG KELAS IX.png
A93: 92 | C93: GAPURA BASA | KELAS IX | KUMER | D93: IX | E93: BUKU PEGANGAN SISWA | F93: MERDEKA BELAJAR | G93: Drs. TATANG SUMARSONO Drs. TAUFIK FATUROHMAN | I93: CV GEGER SUNTEN | J93: 978-623-7728-52-8 | K93: 2023 | L93: 128 hlm 17,6 x 25 cm | M93: 96 | N93: 1 s/d 96 | O93: GAPURA BASA KELAS IX.jpg
A94: 93 | B94: 45488 | C94: ILMU PENGETAHUAN SOSIAL | KELAS VIII | KEMDIKBUDRISTEK | KUMER | D94: VIII | E94: BUKU PEGANGAN SISWA | F94: MERDEKA BELAJAR | G94: SUPARDI, DKK. | H94: EKA WARDANA, HARTATI | I94: KEMENDIKBUDRISTEK | J94: 978-602-244-468-8 | K94: 2021 | L94: 320 hlm: 17,6 cm x 25 cm | M94: 252 | N94: 253 | O94: IPS KELAS VIII.jpg
A95: 94 | B95: 45488 | C95: BAHASA INDONESIA | KELAS VIII | KEMDIKBUDRISTEK | KUMER | D95: VIII | E95: BUKU PEGANGAN SISWA | F95: MERDEKA BELAJAR | G95: MAYA LESTARI GUSFITRI, ELLY DELFIA | H95: CICILIA HENI LESTARI | I95: KEMENDIKBUDRISTEK | J95: 978-602-244-622-4 | K95: 2021 | L95: 204 hlm 17,6 x 25 cm | M95: 1 | N95: 253 | O95: BAHASA INDONESIA KELAS VIII.png
A96: 95 | B96: 45488 | C96: BAHASA INDONESIA | KELAS VII | KEMDIKBUDRISTEK | KUMER | D96: VII | E96: BUKU PEGANGAN SISWA | F96: MERDEKA BELAJAR | G96: RAKHMA SUBARNA SOFIE DEWAYANI C. ERNI SETYOWATI | H96: TRI HARTINI | I96: KEMENDIKBUDRISTEK | J96: 978-602-244-298-1 | K96: 2021 | L96: 220 hlm. 17.6 x 25 cm | M96: 1 | N96: 289 | O96: BAHASA INDONESIA KELAS VII.png
A97: 96 | B97: 45496 | C97: PENDIDIKAN PANCASILA | KELAS VII | KEMENDIKBUDRISTEK | KUMER | D97: VII | E97: BUKU PEGANGAN SISWA | F97: MERDEKA BELAJAR | G97: YAYAT SURYATNA AI TIN SUMARTINI DEVITA PUSPA SARI DWI INDAH MUSTIKO NINGRUM | H97: TRI HARTINI | I97: KEMENDIKBUDRISTEK | J97: 978-623-194-632-4 | K97: 2023 | L97: 200 hlm 17,6 x 25 cm | M97: 265 | N97: 1 s/d 265 | O97: PKN KELAS VII.png
A98: 97 | B98: 45496 | C98: PENDIDIKAN PANCASILA | KELAS VIiI | KEMENDIKBUDRISTEK | KUMER | D98: VIII | E98: BUKU PEGANGAN SISWA | F98: MERDEKA BELAJAR | G98: TUDI SETIAWAN TIA SETIAWATI MUHAMMAD SAPEI PRAYOGO | H98: INDAH SULISTIYAWATI | I98: KEMENDIKBUDRISTEK | J98: 978-623-194-632-4 | K98: 2023 | L98: 188 hlm 17,6 x 25 cm | M98: 274 | N98: 1 s/d 274 | O98: PKN KELAS VIII.png
A99: 98 | B99: 45496 | C99: BAHASA INDONESIA | KELAS VIII | KEMDIKBUDRISTEK | KUMER | D99: VIII | E99: BUKU PEGANGAN SISWA | F99: MERDEKA BELAJAR | G99: MAYA LESTARI GUSFITRI, ELLY DELFIA | H99: CICILIA HENI LESTARI | I99: KEMENDIKBUDRISTEK | J99: 978-602-244-622-4 | K99: 2021 | L99: 204 hlm 17,6 x 25 cm | M99: 30 | N99: 254 s/d 282 | O99: BAHASA INDONESIA KELAS VIII.png
A100: 99 | B100: 45496 | C100: MATEMATIKA | KELAS VIII | KEMDIKBUDRISTEK | KUMER | D100: VIII | E100: BUKU PEGANGAN SISWA | F100: MERDEKA BELAJAR | G100: TIM GAKKO TOSHO | H100: ULY AMALIA | I100: KEMENDIKBUDRISTEK | J100: 978-602-244-514-2 | K100: 2021 | L100: 262 hlm.: 21 × 29,7 cm | M100: 30 | N100: 253 s/d 282 | O100: MATEMATIKA KELAS VIII.png
A101: 100 | B101: 45496 | C101: ILMU PENGETAHUAN ALAM | KELAS VIII | KEMDIKBUDRISTEK | KUMER | D101: VIII | E101: BUKU PEGANGAN SISWA | F101: MERDEKA BELAJAR | G101: OKKY FAJAR TRI MARYANA, VICTORIANI INABUY, CECE SUTIA, BUDIYANTI DWI HARDANIE, SRI HANDAYANI LESTARI | H101: LALA TANSAH, ANDRI NURDIANSYAH | I101: KEMENDIKBUDRISTEK | J101: 978-602-244-794-8 | K101: 2021 | L101: 234 hlm,17,6 x 25 cm | M101: 30 | N101: 254 sd 283 | O101: IPA KELAS VIII.webp
A102: 101 | B102: 45496 | C102: ILMU PENGETAHUAN SOSIAL | KELAS VIII | KEMDIKBUDRISTEK | KUMER | D102: VIII | E102: BUKU PEGANGAN SISWA | F102: MERDEKA BELAJAR | G102: SUPARDI, DKK. | H102: EKA WARDANA, HARTATI | I102: KEMENDIKBUDRISTEK | J102: 978-602-244-468-8 | K102: 2021 | L102: 320 hlm: 17,6 cm x 25 cm | M102: 30 | N102: 254 s/d 283 | O102: IPS KELAS VIII.jpg
A103: 102 | B103: 45496 | C103: INFORMATIKA | KELAS VIII | KEMDIKBUDRISTEK | KUMER | D103: VIII | E103: BUKU PEGANGAN SISWA | F103: MERDEKA BELAJAR | G103: VANIA NATALI, DKK | H103: CHRISTINA TULALESSY | I103: KEMENDIKBUDRISTEK | J103: 978-602-244-427-5 | K103: 2021 | L103: 308 hlm 17,6 x 25 cm | M103: 275 | N103: 1 s/d 275 | O103: INFORMATIKA KELAS VIII.png
A104: 103 | B104: 45496 | C104: PENDIDIKAN AGAMA ISLAM DAN BUDI PEKERTI | KELAS VIII | KEMDIKBUDRISTEK | KUMER | D104: VIII | E104: BUKU PEGANGAN SISWA | F104: MERDEKA BELAJAR | G104: TATIK PUDJIANI, BAGUS MUSTAKIM | H104: KOKO KHOERUDIN | I104: KEMENDIKBUDRISTEK | J104: 978-602-244-433-6 | K104: 2021 | L104: 292 hlm. : 17,6 x 25 cm. | M104: 30 | N104: 253 s/d 282 | O104: PAI KELAS VIII.jpg
A105: 104 | B105: 45496 | C105: ENGLISH FOR NUSANTARA | KELAS VIII | KEMDIKBUDRISTEK | KUMER | D105: VIII | E105: BUKU PEGANGAN SISWA | F105: MERDEKA BELAJAR | G105: IKA LESTARI DAMAYANTI IYEN NURLAELAWATI MAHMUD LAYAN HUTASUHUT YUSNITA FEBRIANTI RAYMON RAHMADHANI GILANG ASRI DEVIANTY | H105: KRISTINE ANN MANREAL CAPA | I105: KEMENDIKBUDRISTEK | J105: 978-602-244-884-6 | K105: 2022 | L105: 312 hlm.: 17,6 x 25 cm | M105: 30 | N105: 253 s/d 282 | O105: BAHASA INGGRIS KELAS VIII.jpg
A106: 105 | B106: 45496 | C106: PJOK | KELAS VIII | MEDIA MANDIRI | KUMER | D106: VIII | E106: BUKU PEGANGAN SISWA | F106: MERDEKA BELAJAR | G106: TIM MEDIA MANDIRI | H106: TIM MEDIA MANDIRI | I106: MEDIA MANDIRI | K106: 2022 | L106: 192 hlm : 17,6 x 25 cm | M106: 30 | N106: 253 s/d 282 | O106: PJOK KELAS VIII.jpeg
A107: 106 | B107: 45496 | C107: SENI RUPA | KELAS VIII | MEDIA MANDIRI | KUMER | D107: VIII | E107: BUKU PEGANGAN SISWA | F107: MERDEKA BELAJAR | G107: TIM MEDIA MANDIRI | H107: TIM MEDIA MANDIRI | I107: MEDIA MANDIRI | J107: 978-623-09-0926-9 | K107: 2022 | L107: 118 hlm : 17,6 x 25 cm | M107: 30 | N107: 254 s/d 283 | O107: SENI RUPA KELAS VIII.webp
A108: 107 | B108: 45496 | C108: PRAKARYA PENGOLAHAN | KELAS VIII | KUMER | D108: VIII | E108: BUKU PEGANGAN SISWA | F108: MERDEKA BELAJAR | G108: ABAS ASUSILA, S.Sn | H108: BRIGITTA GANGGA TRIBUANA, S.S | I108: PT. GLOBAL OFFSET SEJAHTERA | J108: 978-623-8327-66-9 | K108: 2023 | L108: 156 hlm; 17,6 x 25 cm | M108: 275 | N108: 1 s/d 275 | O108: PRAKARYA KELAS VIII.png
A109: 108 | B109: 45496 | C109: BAHASA INDONESIA | KELAS IX | KEMENDIKBUDRISTEK | KUMER | D109: IX | E109: BUKU PEGANGAN SISWA | F109: MERDEKA BELAJAR | G109: EVA Y. NUKMAN, ANNA FARIDA KURNIASARI, HELVA NURHIDAYAH | H109: HERRY PRASETYO | I109: KEMENDIKBUDRISTEK | J109: 978-602-244-636-1 | K109: 2022 | L109: 194 hlm 17,6 x 25 cm | M109: 30 | N109: 252 s/d 281 | O109: BAHASA INDONESIA KELAS IX.png
A110: 109 | B110: 45496 | C110: MATEMATIKA | KELAS IX | KEMENDIKBUDRISTEK | KUMER | D110: IX | E110: BUKU SISWA | F110: MERDEKA BELAJAR | G110: YOSEP DWI KRISTANTO, MUHAMMAD TAQIYUDDIN, ELYDA YULFIANA, INDRA RUKMANA | H110: WAHYU SETYANINGRUM | I110: KEMENDIKBUDRISTEK | J110: 978-602-427-918-9 | K110: 2022 | L110: 320 hlm; 17,6 × 25 cm | M110: 30 | N110: 252 s/d 281 | O110: MATEMATIKA KELAS IX.png
A111: 110 | B111: 45496 | C111: ILMU PENGETAHUAN ALAM | KELAS IX | KEMENDIKBUDRISTEK | KUMER | D111: IX | E111: BUKU PEGANGAN SISWA | F111: MERDEKA BELAJAR | G111: CECE SUTIA, VICTORIANI INABUY, OKKY FAJAR TRI MARYANA, BUDIYANTI DWI HARDANIE, SRI HANDAYANI LESTARI | H111: LALA TANSAH, ANDRI NURDIANSYAH | I111: KEMENDIKBUDRISTEK | J111: 978-602-244-787-0 | K111: 2022 | L111: 202 hlm 17,6 x 25 cm | M111: 30 | N111: 252 s/d 281 | O111: IPA KELAS IX.png
A112: 111 | B112: 45496 | C112: ILMU PENGETAHUAN SOSIAL | KELAS IX | KEMENDIKBUDRISTEK | KUMER | D112: IX | E112: BUKU SISWA | F112: MERDEKA BELAJAR | G112: MOHAMMAD RIZKY SATRIA, SARI OKTAFIANA, M. NURSA’BAN, SUPARDI | H112: EKA WARDANA, HARTAT | I112: KEMENDIKBUDRISTEK | J112: 978-602-244-469-5 | K112: 2022 | L112: 288 hlm.: 17,6 cm x 25 cm | M112: 30 | N112: 252 s/d 281 | O112: IPS KELAS IX.png
A113: 112 | B113: 45496 | C113: INFORMATIKA | KELAS IX | KEMENDIKBUDRISTEK | KUMER | D113: IX | E113: BUKU PEGANGAN SISWA | F113: MERDEKA BELAJAR | G113: HANSON PRIHANTORO PUTRO, DKK. | H113: CHRISTINA TULALESSY | I113: KEMENDIKBUDRISTEK | J113: 978-602-244-427-5 | K113: 2022 | L113: 304 hlm 17,6 x 25 cm. | M113: 30 | N113: 252 s/d 281 | O113: INFORMATIKA KELAS IX.png
A114: 113 | B114: 45496 | C114: PENDIDIKAN AGAMA ISLAM DAN BUDI PEKERTI | KELAS IX | D114: IX | E114: BUKU SISWA | F114: MERDEKA BELAJAR | G114: IIS SURYATINI, HASYIM ASY’ARI | H114: MIFTAHUL FIKRI | I114: KEMENDIKBUDRISTEK | J114: 978-602-244-679-8 | K114: 2022 | L114: 290 hlm.: 17,6 x 25 cm | M114: 30 | N114: 252 s/d 281 | O114: PAI KELAS IX.png
...

Sheet LAPORAN BUKU
A1: JUMLAH JUDUL BUKU
A2: KATEGORI BUKU | B2: JUMLAH
A3: 000 | KARYA UMUM | B3: =COUNTIF('BUKU FIKSI&NON FIKSI'!$C$2:$C$1749,$A3) -> 28
A4: 100 | FILSAFAT & PSIKOLOGI | B4: =COUNTIF('BUKU FIKSI&NON FIKSI'!$C$2:$C$1749,$A4) -> 63
A5: 200 | AGAMA | B5: =COUNTIF('BUKU FIKSI&NON FIKSI'!$C$2:$C$1749,$A5) -> 101
A6: 300 | ILMU SOSIAL | B6: =COUNTIF('BUKU FIKSI&NON FIKSI'!$C$2:$C$1749,$A6) -> 323
A7: 400 | BAHASA | B7: =COUNTIF('BUKU FIKSI&NON FIKSI'!$C$2:$C$1749,$A7) -> 64
A8: 500 | ILMU MURNI | B8: =COUNTIF('BUKU FIKSI&NON FIKSI'!$C$2:$C$1749,$A8) -> 271
A9: 600 | ILMU TERAPAN | B9: =COUNTIF('BUKU FIKSI&NON FIKSI'!$C$2:$C$1749,$A9) -> 232
A10: 700 | SENI DAN OLAHRAGA | B10: =COUNTIF('BUKU FIKSI&NON FIKSI'!$C$2:$C$1749,$A10) -> 108
A11: 800 | KESUSASTRAAN | B11: =COUNTIF('BUKU FIKSI&NON FIKSI'!$C$2:$C$1749,$A11) -> 406
A12: 900 | SEJARAH & GEOGRAFI | B12: =COUNTIF('BUKU FIKSI&NON FIKSI'!$C$2:$C$1749,$A12) -> 142
A13: TOTAL | B13: =SUM(B3:B12) -> 1738
